--------------------------------------------------------
--  Fichier créé - jeudi-janvier-31-2019   
--------------------------------------------------------
--------------------------------------------------------
--  DDL for Table ADRESSE
--------------------------------------------------------

  CREATE TABLE "OUZZINEO"."ADRESSE" 
   (	"ID_ADRESSE" NUMBER(4,0), 
	"EMAIL" VARCHAR2(40 BYTE), 
	"PAYS" VARCHAR2(30 BYTE), 
	"VILLE" VARCHAR2(30 BYTE), 
	"CODE_POSTAL" VARCHAR2(10 BYTE), 
	"RUE" VARCHAR2(40 BYTE), 
	"NUMERO" VARCHAR2(10 BYTE)
   ) SEGMENT CREATION IMMEDIATE 
  PCTFREE 10 PCTUSED 40 INITRANS 1 MAXTRANS 255 NOCOMPRESS LOGGING
  STORAGE(INITIAL 65536 NEXT 1048576 MINEXTENTS 1 MAXEXTENTS 2147483645
  PCTINCREASE 0 FREELISTS 1 FREELIST GROUPS 1 BUFFER_POOL DEFAULT FLASH_CACHE DEFAULT CELL_FLASH_CACHE DEFAULT)
  TABLESPACE "USERS" ;
--------------------------------------------------------
--  DDL for Table AGENDA
--------------------------------------------------------

  CREATE TABLE "OUZZINEO"."AGENDA" 
   (	"ID_IMPRESSION" NUMBER(4,0), 
	"MODELE" VARCHAR2(40 BYTE)
   ) SEGMENT CREATION IMMEDIATE 
  PCTFREE 10 PCTUSED 40 INITRANS 1 MAXTRANS 255 NOCOMPRESS LOGGING
  STORAGE(INITIAL 65536 NEXT 1048576 MINEXTENTS 1 MAXEXTENTS 2147483645
  PCTINCREASE 0 FREELISTS 1 FREELIST GROUPS 1 BUFFER_POOL DEFAULT FLASH_CACHE DEFAULT CELL_FLASH_CACHE DEFAULT)
  TABLESPACE "USERS" ;
--------------------------------------------------------
--  DDL for Table ALBUM
--------------------------------------------------------

  CREATE TABLE "OUZZINEO"."ALBUM" 
   (	"ID_IMPRESSION" NUMBER(4,0), 
	"TITRE" VARCHAR2(40 BYTE), 
	"MISE_EN_PAGE" VARCHAR2(128 BYTE)
   ) SEGMENT CREATION IMMEDIATE 
  PCTFREE 10 PCTUSED 40 INITRANS 1 MAXTRANS 255 NOCOMPRESS LOGGING
  STORAGE(INITIAL 65536 NEXT 1048576 MINEXTENTS 1 MAXEXTENTS 2147483645
  PCTINCREASE 0 FREELISTS 1 FREELIST GROUPS 1 BUFFER_POOL DEFAULT FLASH_CACHE DEFAULT CELL_FLASH_CACHE DEFAULT)
  TABLESPACE "USERS" ;
--------------------------------------------------------
--  DDL for Table BON_ACHAT
--------------------------------------------------------

  CREATE TABLE "OUZZINEO"."BON_ACHAT" 
   (	"CODE_BON" VARCHAR2(20 BYTE), 
	"NUMERO" NUMBER(4,0), 
	"NUMERO_GENERE" NUMBER(4,0), 
	"EMAIL" VARCHAR2(40 BYTE), 
	"POURCENTAGEREDUC" NUMBER(1,2), 
	"TYPE_BONACHAT" VARCHAR2(20 BYTE)
   ) SEGMENT CREATION IMMEDIATE 
  PCTFREE 10 PCTUSED 40 INITRANS 1 MAXTRANS 255 NOCOMPRESS LOGGING
  STORAGE(INITIAL 65536 NEXT 1048576 MINEXTENTS 1 MAXEXTENTS 2147483645
  PCTINCREASE 0 FREELISTS 1 FREELIST GROUPS 1 BUFFER_POOL DEFAULT FLASH_CACHE DEFAULT CELL_FLASH_CACHE DEFAULT)
  TABLESPACE "USERS" ;
--------------------------------------------------------
--  DDL for Table CADRE
--------------------------------------------------------

  CREATE TABLE "OUZZINEO"."CADRE" 
   (	"ID_IMPRESSION" NUMBER(4,0), 
	"MISE_EN_PAGE" VARCHAR2(128 BYTE), 
	"MODELE" VARCHAR2(20 BYTE)
   ) SEGMENT CREATION IMMEDIATE 
  PCTFREE 10 PCTUSED 40 INITRANS 1 MAXTRANS 255 NOCOMPRESS LOGGING
  STORAGE(INITIAL 65536 NEXT 1048576 MINEXTENTS 1 MAXEXTENTS 2147483645
  PCTINCREASE 0 FREELISTS 1 FREELIST GROUPS 1 BUFFER_POOL DEFAULT FLASH_CACHE DEFAULT CELL_FLASH_CACHE DEFAULT)
  TABLESPACE "USERS" ;
--------------------------------------------------------
--  DDL for Table CALENDRIER
--------------------------------------------------------

  CREATE TABLE "OUZZINEO"."CALENDRIER" 
   (	"ID_IMPRESSION" NUMBER(4,0), 
	"MODELE" VARCHAR2(20 BYTE)
   ) SEGMENT CREATION IMMEDIATE 
  PCTFREE 10 PCTUSED 40 INITRANS 1 MAXTRANS 255 NOCOMPRESS LOGGING
  STORAGE(INITIAL 65536 NEXT 1048576 MINEXTENTS 1 MAXEXTENTS 2147483645
  PCTINCREASE 0 FREELISTS 1 FREELIST GROUPS 1 BUFFER_POOL DEFAULT FLASH_CACHE DEFAULT CELL_FLASH_CACHE DEFAULT)
  TABLESPACE "USERS" ;
--------------------------------------------------------
--  DDL for Table CLIENT
--------------------------------------------------------

  CREATE TABLE "OUZZINEO"."CLIENT" 
   (	"EMAIL" VARCHAR2(40 BYTE), 
	"NOM" VARCHAR2(40 BYTE), 
	"PRENOM" VARCHAR2(40 BYTE), 
	"MOT_DE_PASSE" VARCHAR2(40 BYTE), 
	"DATE_CONNECT" DATE
   ) SEGMENT CREATION IMMEDIATE 
  PCTFREE 10 PCTUSED 40 INITRANS 1 MAXTRANS 255 NOCOMPRESS LOGGING
  STORAGE(INITIAL 65536 NEXT 1048576 MINEXTENTS 1 MAXEXTENTS 2147483645
  PCTINCREASE 0 FREELISTS 1 FREELIST GROUPS 1 BUFFER_POOL DEFAULT FLASH_CACHE DEFAULT CELL_FLASH_CACHE DEFAULT)
  TABLESPACE "USERS" ;
--------------------------------------------------------
--  DDL for Table COMMANDE
--------------------------------------------------------

  CREATE TABLE "OUZZINEO"."COMMANDE" 
   (	"NUMERO" NUMBER(4,0), 
	"CODE_BON" VARCHAR2(20 BYTE), 
	"ID_ADRESSE" NUMBER(4,0), 
	"CODE_BON_GENERE" VARCHAR2(20 BYTE), 
	"EMAIL" VARCHAR2(40 BYTE), 
	"MODE_LIVRAISON" VARCHAR2(20 BYTE), 
	"DATE_COMMANDE" DATE, 
	"STATUT" VARCHAR2(20 BYTE), 
	"ETAT_PAIEMENT" NUMBER(1,0), 
	"MONTANT_TOTAL_CMD" NUMBER(5,2)
   ) SEGMENT CREATION IMMEDIATE 
  PCTFREE 10 PCTUSED 40 INITRANS 1 MAXTRANS 255 NOCOMPRESS LOGGING
  STORAGE(INITIAL 65536 NEXT 1048576 MINEXTENTS 1 MAXEXTENTS 2147483645
  PCTINCREASE 0 FREELISTS 1 FREELIST GROUPS 1 BUFFER_POOL DEFAULT FLASH_CACHE DEFAULT CELL_FLASH_CACHE DEFAULT)
  TABLESPACE "USERS" ;
--------------------------------------------------------
--  DDL for Table FICHIERPHOTO
--------------------------------------------------------

  CREATE TABLE "OUZZINEO"."FICHIERPHOTO" 
   (	"CHEMIN" VARCHAR2(60 BYTE), 
	"EMAIL" VARCHAR2(40 BYTE), 
	"RESOLUTION" VARCHAR2(20 BYTE), 
	"DATE_AJOUT" DATE, 
	"DATE_NO_PHOTO" DATE, 
	"INFO_PRISE_VUE" VARCHAR2(128 BYTE), 
	"EST_PARTAGE" NUMBER(1,0)
   ) SEGMENT CREATION IMMEDIATE 
  PCTFREE 10 PCTUSED 40 INITRANS 1 MAXTRANS 255 NOCOMPRESS LOGGING
  STORAGE(INITIAL 65536 NEXT 1048576 MINEXTENTS 1 MAXEXTENTS 2147483645
  PCTINCREASE 0 FREELISTS 1 FREELIST GROUPS 1 BUFFER_POOL DEFAULT FLASH_CACHE DEFAULT CELL_FLASH_CACHE DEFAULT)
  TABLESPACE "USERS" ;
--------------------------------------------------------
--  DDL for Table IMPRESSION
--------------------------------------------------------

  CREATE TABLE "OUZZINEO"."IMPRESSION" 
   (	"ID_IMPRESSION" NUMBER(4,0), 
	"EMAIL" VARCHAR2(40 BYTE), 
	"FORMAT" VARCHAR2(20 BYTE), 
	"QUALITE" VARCHAR2(20 BYTE), 
	"TYPE_SUPPORT" VARCHAR2(20 BYTE), 
	"NUMERO" NUMBER(4,0), 
	"DATE_IMPRESSION" DATE, 
	"MONTANT_TOTAL" NUMBER(5,2), 
	"ETAT_IMPRESSION" NUMBER(1,0), 
	"NB_IMPRESSION" NUMBER(4,0)
   ) SEGMENT CREATION IMMEDIATE 
  PCTFREE 10 PCTUSED 40 INITRANS 1 MAXTRANS 255 NOCOMPRESS LOGGING
  STORAGE(INITIAL 65536 NEXT 1048576 MINEXTENTS 1 MAXEXTENTS 2147483645
  PCTINCREASE 0 FREELISTS 1 FREELIST GROUPS 1 BUFFER_POOL DEFAULT FLASH_CACHE DEFAULT CELL_FLASH_CACHE DEFAULT)
  TABLESPACE "USERS" ;
--------------------------------------------------------
--  DDL for Table PARTAGE
--------------------------------------------------------

  CREATE TABLE "OUZZINEO"."PARTAGE" 
   (	"EMAIL" VARCHAR2(40 BYTE), 
	"CHEMIN" VARCHAR2(60 BYTE)
   ) SEGMENT CREATION IMMEDIATE 
  PCTFREE 10 PCTUSED 40 INITRANS 1 MAXTRANS 255 NOCOMPRESS LOGGING
  STORAGE(INITIAL 65536 NEXT 1048576 MINEXTENTS 1 MAXEXTENTS 2147483645
  PCTINCREASE 0 FREELISTS 1 FREELIST GROUPS 1 BUFFER_POOL DEFAULT FLASH_CACHE DEFAULT CELL_FLASH_CACHE DEFAULT)
  TABLESPACE "USERS" ;
--------------------------------------------------------
--  DDL for Table PHOTO
--------------------------------------------------------

  CREATE TABLE "OUZZINEO"."PHOTO" 
   (	"ID_PHOTO" NUMBER(4,0), 
	"CHEMIN" VARCHAR2(60 BYTE), 
	"ID_IMPRESSION" NUMBER(4,0), 
	"DESCRIPTION" VARCHAR2(128 BYTE), 
	"RETOUCHE" VARCHAR2(128 BYTE), 
	"POSITION_X" CHAR(32 BYTE), 
	"POSITION_Y" CHAR(32 BYTE), 
	"NUMERO_PAGE" NUMBER(4,0), 
	"NB_EXEMPLAIRE" NUMBER(4,0)
   ) SEGMENT CREATION IMMEDIATE 
  PCTFREE 10 PCTUSED 40 INITRANS 1 MAXTRANS 255 NOCOMPRESS LOGGING
  STORAGE(INITIAL 65536 NEXT 1048576 MINEXTENTS 1 MAXEXTENTS 2147483645
  PCTINCREASE 0 FREELISTS 1 FREELIST GROUPS 1 BUFFER_POOL DEFAULT FLASH_CACHE DEFAULT CELL_FLASH_CACHE DEFAULT)
  TABLESPACE "USERS" ;
--------------------------------------------------------
--  DDL for Table POINT_RELAIS
--------------------------------------------------------

  CREATE TABLE "OUZZINEO"."POINT_RELAIS" 
   (	"NOM" VARCHAR2(40 BYTE), 
	"ID_ADRESSE" NUMBER(4,0)
   ) SEGMENT CREATION IMMEDIATE 
  PCTFREE 10 PCTUSED 40 INITRANS 1 MAXTRANS 255 NOCOMPRESS LOGGING
  STORAGE(INITIAL 65536 NEXT 1048576 MINEXTENTS 1 MAXEXTENTS 2147483645
  PCTINCREASE 0 FREELISTS 1 FREELIST GROUPS 1 BUFFER_POOL DEFAULT FLASH_CACHE DEFAULT CELL_FLASH_CACHE DEFAULT)
  TABLESPACE "USERS" ;
--------------------------------------------------------
--  DDL for Table STOCK
--------------------------------------------------------

  CREATE TABLE "OUZZINEO"."STOCK" 
   (	"TYPE_SUPPORT" VARCHAR2(20 BYTE), 
	"QUALITE" VARCHAR2(20 BYTE), 
	"FORMAT" VARCHAR2(20 BYTE), 
	"QUANTITE" NUMBER(4,0), 
	"PRIX" NUMBER(5,2)
   ) SEGMENT CREATION IMMEDIATE 
  PCTFREE 10 PCTUSED 40 INITRANS 1 MAXTRANS 255 NOCOMPRESS LOGGING
  STORAGE(INITIAL 65536 NEXT 1048576 MINEXTENTS 1 MAXEXTENTS 2147483645
  PCTINCREASE 0 FREELISTS 1 FREELIST GROUPS 1 BUFFER_POOL DEFAULT FLASH_CACHE DEFAULT CELL_FLASH_CACHE DEFAULT)
  TABLESPACE "USERS" ;
--------------------------------------------------------
--  DDL for Table TIRAGE
--------------------------------------------------------

  CREATE TABLE "OUZZINEO"."TIRAGE" 
   (	"ID_IMPRESSION" NUMBER(4,0)
   ) SEGMENT CREATION IMMEDIATE 
  PCTFREE 10 PCTUSED 40 INITRANS 1 MAXTRANS 255 NOCOMPRESS LOGGING
  STORAGE(INITIAL 65536 NEXT 1048576 MINEXTENTS 1 MAXEXTENTS 2147483645
  PCTINCREASE 0 FREELISTS 1 FREELIST GROUPS 1 BUFFER_POOL DEFAULT FLASH_CACHE DEFAULT CELL_FLASH_CACHE DEFAULT)
  TABLESPACE "USERS" ;
REM INSERTING into OUZZINEO.ADRESSE
SET DEFINE OFF;
Insert into OUZZINEO.ADRESSE (ID_ADRESSE,EMAIL,PAYS,VILLE,CODE_POSTAL,RUE,NUMERO) values ('1','1','France','Biol','38690','Ruens','10');
Insert into OUZZINEO.ADRESSE (ID_ADRESSE,EMAIL,PAYS,VILLE,CODE_POSTAL,RUE,NUMERO) values ('81','sdgsdg','sdgdsg','sdgs','sdgsd','sdgdsg','sdgdsg');
Insert into OUZZINEO.ADRESSE (ID_ADRESSE,EMAIL,PAYS,VILLE,CODE_POSTAL,RUE,NUMERO) values ('47','jeanChristophe@mail.net','FRANCE','MarlyGomont','02120','Rue de la ferme','243');
Insert into OUZZINEO.ADRESSE (ID_ADRESSE,EMAIL,PAYS,VILLE,CODE_POSTAL,RUE,NUMERO) values ('48','debelinPepito@gg.com','MEXIQUE','Sabinas','00001','Coahuila','1569');
Insert into OUZZINEO.ADRESSE (ID_ADRESSE,EMAIL,PAYS,VILLE,CODE_POSTAL,RUE,NUMERO) values ('49','jeanChristophe@kiwi.tk','FRANCE','Morignons','45932','Avenue Jean Loleau','42');
Insert into OUZZINEO.ADRESSE (ID_ADRESSE,EMAIL,PAYS,VILLE,CODE_POSTAL,RUE,NUMERO) values ('50','francFran¿¿ois@jooj.hu','FRANCE','Marignant','85203','Route etoile','2');
Insert into OUZZINEO.ADRESSE (ID_ADRESSE,EMAIL,PAYS,VILLE,CODE_POSTAL,RUE,NUMERO) values ('51','leprunoBruno@agen.fr','FRANCE','Perpit','00256','Chemin des alles','165');
Insert into OUZZINEO.ADRESSE (ID_ADRESSE,EMAIL,PAYS,VILLE,CODE_POSTAL,RUE,NUMERO) values ('52','biancabernard@disney.paris','FRANCE','Saint-Turchot','11026','Chemin du pipot','78');
Insert into OUZZINEO.ADRESSE (ID_ADRESSE,EMAIL,PAYS,VILLE,CODE_POSTAL,RUE,NUMERO) values ('53','biancabernard@disney.paris','FRANCE','Paris','94200','Rue des champs vert','21');
Insert into OUZZINEO.ADRESSE (ID_ADRESSE,EMAIL,PAYS,VILLE,CODE_POSTAL,RUE,NUMERO) values ('54','lasourisgerard@petit.trou','FRANCE','Laurignac','81230','Allee des champignons','13');
Insert into OUZZINEO.ADRESSE (ID_ADRESSE,EMAIL,PAYS,VILLE,CODE_POSTAL,RUE,NUMERO) values ('55','lasourisgerard@petit.trou','FRANCE','Laurignac','81230','Rue du parasite','56');
Insert into OUZZINEO.ADRESSE (ID_ADRESSE,EMAIL,PAYS,VILLE,CODE_POSTAL,RUE,NUMERO) values ('56',null,'FRANCE','MontCharle','75123','Rue du commerce','562');
Insert into OUZZINEO.ADRESSE (ID_ADRESSE,EMAIL,PAYS,VILLE,CODE_POSTAL,RUE,NUMERO) values ('57',null,'FRANCE','Paris','75230','Route de la montagne','19');
Insert into OUZZINEO.ADRESSE (ID_ADRESSE,EMAIL,PAYS,VILLE,CODE_POSTAL,RUE,NUMERO) values ('58',null,'FRANCE','Annonay','07100','Route du milliardaire','205');
Insert into OUZZINEO.ADRESSE (ID_ADRESSE,EMAIL,PAYS,VILLE,CODE_POSTAL,RUE,NUMERO) values ('41','1','France','ECHRIOLLES','38130','Rue Georges Sand','2');
Insert into OUZZINEO.ADRESSE (ID_ADRESSE,EMAIL,PAYS,VILLE,CODE_POSTAL,RUE,NUMERO) values ('42','1','VENEZUELA','VEZENOBRES','30360','Impasse cantemerle','830F');
Insert into OUZZINEO.ADRESSE (ID_ADRESSE,EMAIL,PAYS,VILLE,CODE_POSTAL,RUE,NUMERO) values ('43','1','rthr','thrh','trhrth','rthrth','thtrh');
Insert into OUZZINEO.ADRESSE (ID_ADRESSE,EMAIL,PAYS,VILLE,CODE_POSTAL,RUE,NUMERO) values ('44','1','43543','435','3453','4453434','45353');
Insert into OUZZINEO.ADRESSE (ID_ADRESSE,EMAIL,PAYS,VILLE,CODE_POSTAL,RUE,NUMERO) values ('46','1','vcbcv','cvbc','vcbcvb','cvbcvb','vbcvb');
Insert into OUZZINEO.ADRESSE (ID_ADRESSE,EMAIL,PAYS,VILLE,CODE_POSTAL,RUE,NUMERO) values ('2','1','France','Biol','38690','Ruens','10');
Insert into OUZZINEO.ADRESSE (ID_ADRESSE,EMAIL,PAYS,VILLE,CODE_POSTAL,RUE,NUMERO) values ('21',null,'ALLEMAGNE','Biol','38690','Ruens','10');
Insert into OUZZINEO.ADRESSE (ID_ADRESSE,EMAIL,PAYS,VILLE,CODE_POSTAL,RUE,NUMERO) values ('45','1','iopiop','iopipo','oipip','piopi','poipi');
Insert into OUZZINEO.ADRESSE (ID_ADRESSE,EMAIL,PAYS,VILLE,CODE_POSTAL,RUE,NUMERO) values ('101','testtttt','tttt','ttttt','tt','tttt','ttt');
Insert into OUZZINEO.ADRESSE (ID_ADRESSE,EMAIL,PAYS,VILLE,CODE_POSTAL,RUE,NUMERO) values ('102','test','ttt','ttt','tttt','ttt','ttt');
REM INSERTING into OUZZINEO.AGENDA
SET DEFINE OFF;
Insert into OUZZINEO.AGENDA (ID_IMPRESSION,MODELE) values ('141','365');
Insert into OUZZINEO.AGENDA (ID_IMPRESSION,MODELE) values ('76','365');
Insert into OUZZINEO.AGENDA (ID_IMPRESSION,MODELE) values ('77','365');
Insert into OUZZINEO.AGENDA (ID_IMPRESSION,MODELE) values ('78','365');
Insert into OUZZINEO.AGENDA (ID_IMPRESSION,MODELE) values ('79','365');
Insert into OUZZINEO.AGENDA (ID_IMPRESSION,MODELE) values ('80','365');
Insert into OUZZINEO.AGENDA (ID_IMPRESSION,MODELE) values ('82','365');
Insert into OUZZINEO.AGENDA (ID_IMPRESSION,MODELE) values ('83','365');
Insert into OUZZINEO.AGENDA (ID_IMPRESSION,MODELE) values ('84','365');
Insert into OUZZINEO.AGENDA (ID_IMPRESSION,MODELE) values ('81','365');
Insert into OUZZINEO.AGENDA (ID_IMPRESSION,MODELE) values ('164','365');
Insert into OUZZINEO.AGENDA (ID_IMPRESSION,MODELE) values ('43','52');
Insert into OUZZINEO.AGENDA (ID_IMPRESSION,MODELE) values ('38','MODIFIE');
Insert into OUZZINEO.AGENDA (ID_IMPRESSION,MODELE) values ('36','mickey');
Insert into OUZZINEO.AGENDA (ID_IMPRESSION,MODELE) values ('201','52 semaines');
Insert into OUZZINEO.AGENDA (ID_IMPRESSION,MODELE) values ('161','365');
Insert into OUZZINEO.AGENDA (ID_IMPRESSION,MODELE) values ('162','365');
Insert into OUZZINEO.AGENDA (ID_IMPRESSION,MODELE) values ('163','365');
Insert into OUZZINEO.AGENDA (ID_IMPRESSION,MODELE) values ('101','365');
Insert into OUZZINEO.AGENDA (ID_IMPRESSION,MODELE) values ('165','365');
Insert into OUZZINEO.AGENDA (ID_IMPRESSION,MODELE) values ('166','365');
REM INSERTING into OUZZINEO.ALBUM
SET DEFINE OFF;
Insert into OUZZINEO.ALBUM (ID_IMPRESSION,TITRE,MISE_EN_PAGE) values ('381','Nude','Flou');
Insert into OUZZINEO.ALBUM (ID_IMPRESSION,TITRE,MISE_EN_PAGE) values ('39','Un voyage ¿¿ Disney','mickey');
REM INSERTING into OUZZINEO.BON_ACHAT
SET DEFINE OFF;
Insert into OUZZINEO.BON_ACHAT (CODE_BON,NUMERO,NUMERO_GENERE,EMAIL,POURCENTAGEREDUC,TYPE_BONACHAT) values ('KHXB98AQR2',null,'9','jeanChristophe@mail.net','0,05','a');
Insert into OUZZINEO.BON_ACHAT (CODE_BON,NUMERO,NUMERO_GENERE,EMAIL,POURCENTAGEREDUC,TYPE_BONACHAT) values ('JUWE20PHHL',null,'11','biancabernard@disney.paris','0,05','a');
REM INSERTING into OUZZINEO.CADRE
SET DEFINE OFF;
Insert into OUZZINEO.CADRE (ID_IMPRESSION,MISE_EN_PAGE,MODELE) values ('38','80*80*6','mickey');
Insert into OUZZINEO.CADRE (ID_IMPRESSION,MISE_EN_PAGE,MODELE) values ('181',null,null);
REM INSERTING into OUZZINEO.CALENDRIER
SET DEFINE OFF;
Insert into OUZZINEO.CALENDRIER (ID_IMPRESSION,MODELE) values ('37','mickey');
Insert into OUZZINEO.CALENDRIER (ID_IMPRESSION,MODELE) values ('182',null);
REM INSERTING into OUZZINEO.CLIENT
SET DEFINE OFF;
Insert into OUZZINEO.CLIENT (EMAIL,NOM,PRENOM,MOT_DE_PASSE,DATE_CONNECT) values ('sdgsdg','sddgfsdsdg','sdgsgd','sdgsdg',null);
Insert into OUZZINEO.CLIENT (EMAIL,NOM,PRENOM,MOT_DE_PASSE,DATE_CONNECT) values ('jeanChristophe@mail.net','JEAN','Christophe','mdpjc',null);
Insert into OUZZINEO.CLIENT (EMAIL,NOM,PRENOM,MOT_DE_PASSE,DATE_CONNECT) values ('debelinPepito@gg.com','DEBABELAN','Pepito','mdpdp',null);
Insert into OUZZINEO.CLIENT (EMAIL,NOM,PRENOM,MOT_DE_PASSE,DATE_CONNECT) values ('jeanChristophe@kiwi.tk','JEAN','Christophe','mdpjc',null);
Insert into OUZZINEO.CLIENT (EMAIL,NOM,PRENOM,MOT_DE_PASSE,DATE_CONNECT) values ('francFran¿¿ois@jooj.hu','FRANC','Fran¿¿ois','mdpff',to_date('31/01/19','DD/MM/RR'));
Insert into OUZZINEO.CLIENT (EMAIL,NOM,PRENOM,MOT_DE_PASSE,DATE_CONNECT) values ('francFran¿¿oise@jooj.hu','FRANC','Fran¿¿oise','mdpff',to_date('31/01/19','DD/MM/RR'));
Insert into OUZZINEO.CLIENT (EMAIL,NOM,PRENOM,MOT_DE_PASSE,DATE_CONNECT) values ('francFranck@jooj.hu','FRANC','Franck','mdpff',to_date('31/01/19','DD/MM/RR'));
Insert into OUZZINEO.CLIENT (EMAIL,NOM,PRENOM,MOT_DE_PASSE,DATE_CONNECT) values ('leprunoBruno@agen.fr','LEPRUNO','Bruno','mdplb',null);
Insert into OUZZINEO.CLIENT (EMAIL,NOM,PRENOM,MOT_DE_PASSE,DATE_CONNECT) values ('blancAnge@etoile.fr','BLANC','Ange','mdpba',null);
Insert into OUZZINEO.CLIENT (EMAIL,NOM,PRENOM,MOT_DE_PASSE,DATE_CONNECT) values ('biancabernard@disney.paris','BIANCA','Bernard','mdpbb',to_date('31/01/19','DD/MM/RR'));
Insert into OUZZINEO.CLIENT (EMAIL,NOM,PRENOM,MOT_DE_PASSE,DATE_CONNECT) values ('lasourisgerard@petit.trou','LASOURIS','Gerard','mdplg',to_date('31/01/19','DD/MM/RR'));
Insert into OUZZINEO.CLIENT (EMAIL,NOM,PRENOM,MOT_DE_PASSE,DATE_CONNECT) values ('5print@gmail.com','Gour','Seb','123',null);
Insert into OUZZINEO.CLIENT (EMAIL,NOM,PRENOM,MOT_DE_PASSE,DATE_CONNECT) values ('1','6','2','1',null);
Insert into OUZZINEO.CLIENT (EMAIL,NOM,PRENOM,MOT_DE_PASSE,DATE_CONNECT) values ('testtttt','test','test','test',null);
Insert into OUZZINEO.CLIENT (EMAIL,NOM,PRENOM,MOT_DE_PASSE,DATE_CONNECT) values ('test','1','test','test',to_date('31/01/19','DD/MM/RR'));
REM INSERTING into OUZZINEO.COMMANDE
SET DEFINE OFF;
Insert into OUZZINEO.COMMANDE (NUMERO,CODE_BON,ID_ADRESSE,CODE_BON_GENERE,EMAIL,MODE_LIVRAISON,DATE_COMMANDE,STATUT,ETAT_PAIEMENT,MONTANT_TOTAL_CMD) values ('45',null,'1',null,'biancabernard@disney.paris',null,to_date('30/01/19','DD/MM/RR'),'En_cours','0','0');
Insert into OUZZINEO.COMMANDE (NUMERO,CODE_BON,ID_ADRESSE,CODE_BON_GENERE,EMAIL,MODE_LIVRAISON,DATE_COMMANDE,STATUT,ETAT_PAIEMENT,MONTANT_TOTAL_CMD) values ('84',null,null,null,'francFran¿¿oise@jooj.hu',null,to_date('31/01/19','DD/MM/RR'),'En_cours','0','0');
Insert into OUZZINEO.COMMANDE (NUMERO,CODE_BON,ID_ADRESSE,CODE_BON_GENERE,EMAIL,MODE_LIVRAISON,DATE_COMMANDE,STATUT,ETAT_PAIEMENT,MONTANT_TOTAL_CMD) values ('85',null,null,null,'francFranck@jooj.hu',null,to_date('31/01/19','DD/MM/RR'),'En_cours','0','0');
Insert into OUZZINEO.COMMANDE (NUMERO,CODE_BON,ID_ADRESSE,CODE_BON_GENERE,EMAIL,MODE_LIVRAISON,DATE_COMMANDE,STATUT,ETAT_PAIEMENT,MONTANT_TOTAL_CMD) values ('86',null,null,null,'francFran¿¿ois@jooj.hu',null,to_date('31/01/19','DD/MM/RR'),'En_cours','0','0');
Insert into OUZZINEO.COMMANDE (NUMERO,CODE_BON,ID_ADRESSE,CODE_BON_GENERE,EMAIL,MODE_LIVRAISON,DATE_COMMANDE,STATUT,ETAT_PAIEMENT,MONTANT_TOTAL_CMD) values ('87',null,null,null,'francFran¿¿oise@jooj.hu',null,to_date('31/01/19','DD/MM/RR'),'En_cours','0','0');
Insert into OUZZINEO.COMMANDE (NUMERO,CODE_BON,ID_ADRESSE,CODE_BON_GENERE,EMAIL,MODE_LIVRAISON,DATE_COMMANDE,STATUT,ETAT_PAIEMENT,MONTANT_TOTAL_CMD) values ('88',null,null,null,'francFranck@jooj.hu',null,to_date('31/01/19','DD/MM/RR'),'En_cours','0','0');
Insert into OUZZINEO.COMMANDE (NUMERO,CODE_BON,ID_ADRESSE,CODE_BON_GENERE,EMAIL,MODE_LIVRAISON,DATE_COMMANDE,STATUT,ETAT_PAIEMENT,MONTANT_TOTAL_CMD) values ('89',null,null,null,'francFran¿¿ois@jooj.hu',null,to_date('31/01/19','DD/MM/RR'),'En_cours','0','0');
Insert into OUZZINEO.COMMANDE (NUMERO,CODE_BON,ID_ADRESSE,CODE_BON_GENERE,EMAIL,MODE_LIVRAISON,DATE_COMMANDE,STATUT,ETAT_PAIEMENT,MONTANT_TOTAL_CMD) values ('101',null,null,null,'francFran¿¿oise@jooj.hu',null,to_date('31/01/19','DD/MM/RR'),'En_cours','0','0');
Insert into OUZZINEO.COMMANDE (NUMERO,CODE_BON,ID_ADRESSE,CODE_BON_GENERE,EMAIL,MODE_LIVRAISON,DATE_COMMANDE,STATUT,ETAT_PAIEMENT,MONTANT_TOTAL_CMD) values ('102',null,null,null,'francFranck@jooj.hu',null,to_date('31/01/19','DD/MM/RR'),'En_cours','0','0');
Insert into OUZZINEO.COMMANDE (NUMERO,CODE_BON,ID_ADRESSE,CODE_BON_GENERE,EMAIL,MODE_LIVRAISON,DATE_COMMANDE,STATUT,ETAT_PAIEMENT,MONTANT_TOTAL_CMD) values ('103',null,null,null,'francFran¿¿ois@jooj.hu',null,to_date('31/01/19','DD/MM/RR'),'En_cours','0','0');
Insert into OUZZINEO.COMMANDE (NUMERO,CODE_BON,ID_ADRESSE,CODE_BON_GENERE,EMAIL,MODE_LIVRAISON,DATE_COMMANDE,STATUT,ETAT_PAIEMENT,MONTANT_TOTAL_CMD) values ('104',null,null,null,'francFran¿¿oise@jooj.hu',null,to_date('31/01/19','DD/MM/RR'),'En_cours','0','0');
Insert into OUZZINEO.COMMANDE (NUMERO,CODE_BON,ID_ADRESSE,CODE_BON_GENERE,EMAIL,MODE_LIVRAISON,DATE_COMMANDE,STATUT,ETAT_PAIEMENT,MONTANT_TOTAL_CMD) values ('105',null,null,null,'francFranck@jooj.hu',null,to_date('31/01/19','DD/MM/RR'),'En_cours','0','0');
Insert into OUZZINEO.COMMANDE (NUMERO,CODE_BON,ID_ADRESSE,CODE_BON_GENERE,EMAIL,MODE_LIVRAISON,DATE_COMMANDE,STATUT,ETAT_PAIEMENT,MONTANT_TOTAL_CMD) values ('106',null,null,null,'francFran¿¿ois@jooj.hu',null,to_date('31/01/19','DD/MM/RR'),'En_cours','0','0');
Insert into OUZZINEO.COMMANDE (NUMERO,CODE_BON,ID_ADRESSE,CODE_BON_GENERE,EMAIL,MODE_LIVRAISON,DATE_COMMANDE,STATUT,ETAT_PAIEMENT,MONTANT_TOTAL_CMD) values ('121',null,null,null,'francFran¿¿oise@jooj.hu',null,to_date('31/01/19','DD/MM/RR'),'En_cours','0','0');
Insert into OUZZINEO.COMMANDE (NUMERO,CODE_BON,ID_ADRESSE,CODE_BON_GENERE,EMAIL,MODE_LIVRAISON,DATE_COMMANDE,STATUT,ETAT_PAIEMENT,MONTANT_TOTAL_CMD) values ('201',null,null,null,'francFranck@jooj.hu',null,to_date('31/01/19','DD/MM/RR'),'En_cours','0','30');
Insert into OUZZINEO.COMMANDE (NUMERO,CODE_BON,ID_ADRESSE,CODE_BON_GENERE,EMAIL,MODE_LIVRAISON,DATE_COMMANDE,STATUT,ETAT_PAIEMENT,MONTANT_TOTAL_CMD) values ('202',null,null,null,'francFran¿¿oise@jooj.hu',null,to_date('31/01/19','DD/MM/RR'),'En_cours','0','30');
Insert into OUZZINEO.COMMANDE (NUMERO,CODE_BON,ID_ADRESSE,CODE_BON_GENERE,EMAIL,MODE_LIVRAISON,DATE_COMMANDE,STATUT,ETAT_PAIEMENT,MONTANT_TOTAL_CMD) values ('203',null,null,null,'francFran¿¿ois@jooj.hu',null,to_date('31/01/19','DD/MM/RR'),'En_cours','0','0');
Insert into OUZZINEO.COMMANDE (NUMERO,CODE_BON,ID_ADRESSE,CODE_BON_GENERE,EMAIL,MODE_LIVRAISON,DATE_COMMANDE,STATUT,ETAT_PAIEMENT,MONTANT_TOTAL_CMD) values ('227',null,null,null,'francFranck@jooj.hu','standard',to_date('31/01/19','DD/MM/RR'),'En_cours','0','0');
Insert into OUZZINEO.COMMANDE (NUMERO,CODE_BON,ID_ADRESSE,CODE_BON_GENERE,EMAIL,MODE_LIVRAISON,DATE_COMMANDE,STATUT,ETAT_PAIEMENT,MONTANT_TOTAL_CMD) values ('228',null,null,null,'francFran¿¿oise@jooj.hu','standard',to_date('31/01/19','DD/MM/RR'),'En_cours','0','0');
Insert into OUZZINEO.COMMANDE (NUMERO,CODE_BON,ID_ADRESSE,CODE_BON_GENERE,EMAIL,MODE_LIVRAISON,DATE_COMMANDE,STATUT,ETAT_PAIEMENT,MONTANT_TOTAL_CMD) values ('229',null,null,null,'francFran¿¿ois@jooj.hu','standard',to_date('31/01/19','DD/MM/RR'),'En_cours','0','0');
Insert into OUZZINEO.COMMANDE (NUMERO,CODE_BON,ID_ADRESSE,CODE_BON_GENERE,EMAIL,MODE_LIVRAISON,DATE_COMMANDE,STATUT,ETAT_PAIEMENT,MONTANT_TOTAL_CMD) values ('241',null,null,null,'1',' ',to_date('31/01/19','DD/MM/RR'),'En_cours','0','0');
Insert into OUZZINEO.COMMANDE (NUMERO,CODE_BON,ID_ADRESSE,CODE_BON_GENERE,EMAIL,MODE_LIVRAISON,DATE_COMMANDE,STATUT,ETAT_PAIEMENT,MONTANT_TOTAL_CMD) values ('301',null,'102',null,'test','UPS',to_date('31/01/19','DD/MM/RR'),'En_cours','0','36');
Insert into OUZZINEO.COMMANDE (NUMERO,CODE_BON,ID_ADRESSE,CODE_BON_GENERE,EMAIL,MODE_LIVRAISON,DATE_COMMANDE,STATUT,ETAT_PAIEMENT,MONTANT_TOTAL_CMD) values ('9',null,'41',null,'jeanChristophe@mail.net','standard',null,'En_cours','1','200');
Insert into OUZZINEO.COMMANDE (NUMERO,CODE_BON,ID_ADRESSE,CODE_BON_GENERE,EMAIL,MODE_LIVRAISON,DATE_COMMANDE,STATUT,ETAT_PAIEMENT,MONTANT_TOTAL_CMD) values ('10',null,'42',null,'francFran¿¿ois@jooj.hu','poinRelais',null,'Envoyee','1','209,5');
Insert into OUZZINEO.COMMANDE (NUMERO,CODE_BON,ID_ADRESSE,CODE_BON_GENERE,EMAIL,MODE_LIVRAISON,DATE_COMMANDE,STATUT,ETAT_PAIEMENT,MONTANT_TOTAL_CMD) values ('11','JUWE20PHHL','43','JUWE20PHHL','biancabernard@disney.paris','zeff',null,'Payee','1','43');
Insert into OUZZINEO.COMMANDE (NUMERO,CODE_BON,ID_ADRESSE,CODE_BON_GENERE,EMAIL,MODE_LIVRAISON,DATE_COMMANDE,STATUT,ETAT_PAIEMENT,MONTANT_TOTAL_CMD) values ('12',null,'44',null,'leprunoBruno@agen.fr','standard',null,'En_cours','0','0');
Insert into OUZZINEO.COMMANDE (NUMERO,CODE_BON,ID_ADRESSE,CODE_BON_GENERE,EMAIL,MODE_LIVRAISON,DATE_COMMANDE,STATUT,ETAT_PAIEMENT,MONTANT_TOTAL_CMD) values ('142',null,null,null,'1',' ',to_date('31/01/19','DD/MM/RR'),'En_cours','0','0');
Insert into OUZZINEO.COMMANDE (NUMERO,CODE_BON,ID_ADRESSE,CODE_BON_GENERE,EMAIL,MODE_LIVRAISON,DATE_COMMANDE,STATUT,ETAT_PAIEMENT,MONTANT_TOTAL_CMD) values ('230',null,'2',null,'francFran¿¿oise@jooj.hu','standard',to_date('31/01/19','DD/MM/RR'),'En_cours','0','30');
Insert into OUZZINEO.COMMANDE (NUMERO,CODE_BON,ID_ADRESSE,CODE_BON_GENERE,EMAIL,MODE_LIVRAISON,DATE_COMMANDE,STATUT,ETAT_PAIEMENT,MONTANT_TOTAL_CMD) values ('231',null,'2',null,'francFranck@jooj.hu','standard',to_date('31/01/19','DD/MM/RR'),'En_cours','0','30');
Insert into OUZZINEO.COMMANDE (NUMERO,CODE_BON,ID_ADRESSE,CODE_BON_GENERE,EMAIL,MODE_LIVRAISON,DATE_COMMANDE,STATUT,ETAT_PAIEMENT,MONTANT_TOTAL_CMD) values ('232',null,'2',null,'francFran¿¿ois@jooj.hu','standard',to_date('31/01/19','DD/MM/RR'),'En_cours','0','30');
Insert into OUZZINEO.COMMANDE (NUMERO,CODE_BON,ID_ADRESSE,CODE_BON_GENERE,EMAIL,MODE_LIVRAISON,DATE_COMMANDE,STATUT,ETAT_PAIEMENT,MONTANT_TOTAL_CMD) values ('261',null,null,null,'1',' ',to_date('31/01/19','DD/MM/RR'),'En_cours','0','0');
Insert into OUZZINEO.COMMANDE (NUMERO,CODE_BON,ID_ADRESSE,CODE_BON_GENERE,EMAIL,MODE_LIVRAISON,DATE_COMMANDE,STATUT,ETAT_PAIEMENT,MONTANT_TOTAL_CMD) values ('281',null,null,null,'1',' ',to_date('31/01/19','DD/MM/RR'),'En_cours','0','0');
Insert into OUZZINEO.COMMANDE (NUMERO,CODE_BON,ID_ADRESSE,CODE_BON_GENERE,EMAIL,MODE_LIVRAISON,DATE_COMMANDE,STATUT,ETAT_PAIEMENT,MONTANT_TOTAL_CMD) values ('282',null,null,null,'1',' ',to_date('31/01/19','DD/MM/RR'),'En_cours','0','0');
Insert into OUZZINEO.COMMANDE (NUMERO,CODE_BON,ID_ADRESSE,CODE_BON_GENERE,EMAIL,MODE_LIVRAISON,DATE_COMMANDE,STATUT,ETAT_PAIEMENT,MONTANT_TOTAL_CMD) values ('283',null,null,null,'1',' ',to_date('31/01/19','DD/MM/RR'),'En_cours','0','0');
Insert into OUZZINEO.COMMANDE (NUMERO,CODE_BON,ID_ADRESSE,CODE_BON_GENERE,EMAIL,MODE_LIVRAISON,DATE_COMMANDE,STATUT,ETAT_PAIEMENT,MONTANT_TOTAL_CMD) values ('42',null,'1',null,'biancabernard@disney.paris',' ',to_date('30/01/19','DD/MM/RR'),'Envoyee','0','0');
Insert into OUZZINEO.COMMANDE (NUMERO,CODE_BON,ID_ADRESSE,CODE_BON_GENERE,EMAIL,MODE_LIVRAISON,DATE_COMMANDE,STATUT,ETAT_PAIEMENT,MONTANT_TOTAL_CMD) values ('82',null,null,null,'francFranck@jooj.hu',null,to_date('31/01/19','DD/MM/RR'),'En_cours','0','0');
Insert into OUZZINEO.COMMANDE (NUMERO,CODE_BON,ID_ADRESSE,CODE_BON_GENERE,EMAIL,MODE_LIVRAISON,DATE_COMMANDE,STATUT,ETAT_PAIEMENT,MONTANT_TOTAL_CMD) values ('161',null,null,null,'1',' ',to_date('31/01/19','DD/MM/RR'),'En_cours','0','0');
Insert into OUZZINEO.COMMANDE (NUMERO,CODE_BON,ID_ADRESSE,CODE_BON_GENERE,EMAIL,MODE_LIVRAISON,DATE_COMMANDE,STATUT,ETAT_PAIEMENT,MONTANT_TOTAL_CMD) values ('162',null,null,null,'1',' ',to_date('31/01/19','DD/MM/RR'),'En_cours','0','0');
Insert into OUZZINEO.COMMANDE (NUMERO,CODE_BON,ID_ADRESSE,CODE_BON_GENERE,EMAIL,MODE_LIVRAISON,DATE_COMMANDE,STATUT,ETAT_PAIEMENT,MONTANT_TOTAL_CMD) values ('181',null,null,null,'francFranck@jooj.hu',null,to_date('31/01/19','DD/MM/RR'),'En_cours','0','0');
Insert into OUZZINEO.COMMANDE (NUMERO,CODE_BON,ID_ADRESSE,CODE_BON_GENERE,EMAIL,MODE_LIVRAISON,DATE_COMMANDE,STATUT,ETAT_PAIEMENT,MONTANT_TOTAL_CMD) values ('182',null,null,null,'francFran¿¿oise@jooj.hu',null,to_date('31/01/19','DD/MM/RR'),'En_cours','0','0');
Insert into OUZZINEO.COMMANDE (NUMERO,CODE_BON,ID_ADRESSE,CODE_BON_GENERE,EMAIL,MODE_LIVRAISON,DATE_COMMANDE,STATUT,ETAT_PAIEMENT,MONTANT_TOTAL_CMD) values ('183',null,null,null,'francFran¿¿ois@jooj.hu',null,to_date('31/01/19','DD/MM/RR'),'En_cours','0','0');
Insert into OUZZINEO.COMMANDE (NUMERO,CODE_BON,ID_ADRESSE,CODE_BON_GENERE,EMAIL,MODE_LIVRAISON,DATE_COMMANDE,STATUT,ETAT_PAIEMENT,MONTANT_TOTAL_CMD) values ('184',null,null,null,'francFranck@jooj.hu',null,to_date('31/01/19','DD/MM/RR'),'En_cours','0','0');
Insert into OUZZINEO.COMMANDE (NUMERO,CODE_BON,ID_ADRESSE,CODE_BON_GENERE,EMAIL,MODE_LIVRAISON,DATE_COMMANDE,STATUT,ETAT_PAIEMENT,MONTANT_TOTAL_CMD) values ('204',null,null,null,'francFran¿¿oise@jooj.hu',null,to_date('31/01/19','DD/MM/RR'),'En_cours','0','0');
Insert into OUZZINEO.COMMANDE (NUMERO,CODE_BON,ID_ADRESSE,CODE_BON_GENERE,EMAIL,MODE_LIVRAISON,DATE_COMMANDE,STATUT,ETAT_PAIEMENT,MONTANT_TOTAL_CMD) values ('221',null,null,null,'francFran¿¿oise@jooj.hu','standard',to_date('31/01/19','DD/MM/RR'),'En_cours','0','0');
Insert into OUZZINEO.COMMANDE (NUMERO,CODE_BON,ID_ADRESSE,CODE_BON_GENERE,EMAIL,MODE_LIVRAISON,DATE_COMMANDE,STATUT,ETAT_PAIEMENT,MONTANT_TOTAL_CMD) values ('222',null,null,null,'francFranck@jooj.hu','standard',to_date('31/01/19','DD/MM/RR'),'En_cours','0','0');
Insert into OUZZINEO.COMMANDE (NUMERO,CODE_BON,ID_ADRESSE,CODE_BON_GENERE,EMAIL,MODE_LIVRAISON,DATE_COMMANDE,STATUT,ETAT_PAIEMENT,MONTANT_TOTAL_CMD) values ('223',null,null,null,'francFran¿¿ois@jooj.hu','standard',to_date('31/01/19','DD/MM/RR'),'En_cours','0','0');
Insert into OUZZINEO.COMMANDE (NUMERO,CODE_BON,ID_ADRESSE,CODE_BON_GENERE,EMAIL,MODE_LIVRAISON,DATE_COMMANDE,STATUT,ETAT_PAIEMENT,MONTANT_TOTAL_CMD) values ('224',null,'2',null,'francFran¿¿oise@jooj.hu','standard',to_date('31/01/19','DD/MM/RR'),'En_cours','0','30');
Insert into OUZZINEO.COMMANDE (NUMERO,CODE_BON,ID_ADRESSE,CODE_BON_GENERE,EMAIL,MODE_LIVRAISON,DATE_COMMANDE,STATUT,ETAT_PAIEMENT,MONTANT_TOTAL_CMD) values ('225',null,'2',null,'francFranck@jooj.hu','standard',to_date('31/01/19','DD/MM/RR'),'En_cours','0','30');
Insert into OUZZINEO.COMMANDE (NUMERO,CODE_BON,ID_ADRESSE,CODE_BON_GENERE,EMAIL,MODE_LIVRAISON,DATE_COMMANDE,STATUT,ETAT_PAIEMENT,MONTANT_TOTAL_CMD) values ('226',null,'2',null,'francFran¿¿ois@jooj.hu','standard',to_date('31/01/19','DD/MM/RR'),'En_cours','0','30');
Insert into OUZZINEO.COMMANDE (NUMERO,CODE_BON,ID_ADRESSE,CODE_BON_GENERE,EMAIL,MODE_LIVRAISON,DATE_COMMANDE,STATUT,ETAT_PAIEMENT,MONTANT_TOTAL_CMD) values ('233',null,'2',null,'francFran¿¿oise@jooj.hu','standard',to_date('31/01/19','DD/MM/RR'),'En_cours','0','30');
Insert into OUZZINEO.COMMANDE (NUMERO,CODE_BON,ID_ADRESSE,CODE_BON_GENERE,EMAIL,MODE_LIVRAISON,DATE_COMMANDE,STATUT,ETAT_PAIEMENT,MONTANT_TOTAL_CMD) values ('234',null,'2',null,'francFranck@jooj.hu','standard',to_date('31/01/19','DD/MM/RR'),'En_cours','0','30');
Insert into OUZZINEO.COMMANDE (NUMERO,CODE_BON,ID_ADRESSE,CODE_BON_GENERE,EMAIL,MODE_LIVRAISON,DATE_COMMANDE,STATUT,ETAT_PAIEMENT,MONTANT_TOTAL_CMD) values ('235',null,'2',null,'francFran¿¿ois@jooj.hu','standard',to_date('31/01/19','DD/MM/RR'),'En_cours','0','30');
Insert into OUZZINEO.COMMANDE (NUMERO,CODE_BON,ID_ADRESSE,CODE_BON_GENERE,EMAIL,MODE_LIVRAISON,DATE_COMMANDE,STATUT,ETAT_PAIEMENT,MONTANT_TOTAL_CMD) values ('321',null,'52',null,'biancabernard@disney.paris','Point relais',to_date('31/01/19','DD/MM/RR'),'En_cours','0','24');
Insert into OUZZINEO.COMMANDE (NUMERO,CODE_BON,ID_ADRESSE,CODE_BON_GENERE,EMAIL,MODE_LIVRAISON,DATE_COMMANDE,STATUT,ETAT_PAIEMENT,MONTANT_TOTAL_CMD) values ('83',null,null,null,'francFranck@jooj.hu',null,to_date('31/01/19','DD/MM/RR'),'En_cours','0','0');
Insert into OUZZINEO.COMMANDE (NUMERO,CODE_BON,ID_ADRESSE,CODE_BON_GENERE,EMAIL,MODE_LIVRAISON,DATE_COMMANDE,STATUT,ETAT_PAIEMENT,MONTANT_TOTAL_CMD) values ('122',null,null,null,'francFran¿¿oise@jooj.hu',null,to_date('31/01/19','DD/MM/RR'),'En_cours','0','0');
Insert into OUZZINEO.COMMANDE (NUMERO,CODE_BON,ID_ADRESSE,CODE_BON_GENERE,EMAIL,MODE_LIVRAISON,DATE_COMMANDE,STATUT,ETAT_PAIEMENT,MONTANT_TOTAL_CMD) values ('123',null,null,null,'francFran¿¿ois@jooj.hu',null,to_date('31/01/19','DD/MM/RR'),'En_cours','0','0');
Insert into OUZZINEO.COMMANDE (NUMERO,CODE_BON,ID_ADRESSE,CODE_BON_GENERE,EMAIL,MODE_LIVRAISON,DATE_COMMANDE,STATUT,ETAT_PAIEMENT,MONTANT_TOTAL_CMD) values ('124',null,null,null,'francFranck@jooj.hu',null,to_date('31/01/19','DD/MM/RR'),'En_cours','0','0');
Insert into OUZZINEO.COMMANDE (NUMERO,CODE_BON,ID_ADRESSE,CODE_BON_GENERE,EMAIL,MODE_LIVRAISON,DATE_COMMANDE,STATUT,ETAT_PAIEMENT,MONTANT_TOTAL_CMD) values ('125',null,null,null,'francFran¿¿oise@jooj.hu',null,to_date('31/01/19','DD/MM/RR'),'En_cours','0','0');
Insert into OUZZINEO.COMMANDE (NUMERO,CODE_BON,ID_ADRESSE,CODE_BON_GENERE,EMAIL,MODE_LIVRAISON,DATE_COMMANDE,STATUT,ETAT_PAIEMENT,MONTANT_TOTAL_CMD) values ('126',null,null,null,'francFranck@jooj.hu',null,to_date('31/01/19','DD/MM/RR'),'En_cours','0','0');
Insert into OUZZINEO.COMMANDE (NUMERO,CODE_BON,ID_ADRESSE,CODE_BON_GENERE,EMAIL,MODE_LIVRAISON,DATE_COMMANDE,STATUT,ETAT_PAIEMENT,MONTANT_TOTAL_CMD) values ('127',null,null,null,'francFran¿¿ois@jooj.hu',null,to_date('31/01/19','DD/MM/RR'),'En_cours','0','0');
Insert into OUZZINEO.COMMANDE (NUMERO,CODE_BON,ID_ADRESSE,CODE_BON_GENERE,EMAIL,MODE_LIVRAISON,DATE_COMMANDE,STATUT,ETAT_PAIEMENT,MONTANT_TOTAL_CMD) values ('163',null,'53',null,'biancabernard@disney.paris','DHL',to_date('31/01/19','DD/MM/RR'),'En_cours','0','16');
Insert into OUZZINEO.COMMANDE (NUMERO,CODE_BON,ID_ADRESSE,CODE_BON_GENERE,EMAIL,MODE_LIVRAISON,DATE_COMMANDE,STATUT,ETAT_PAIEMENT,MONTANT_TOTAL_CMD) values ('242',null,null,null,'1',' ',to_date('31/01/19','DD/MM/RR'),'En_cours','0','0');
Insert into OUZZINEO.COMMANDE (NUMERO,CODE_BON,ID_ADRESSE,CODE_BON_GENERE,EMAIL,MODE_LIVRAISON,DATE_COMMANDE,STATUT,ETAT_PAIEMENT,MONTANT_TOTAL_CMD) values ('63',null,'53',null,'biancabernard@disney.paris','UPS',to_date('30/01/19','DD/MM/RR'),'En_cours','1','45');
REM INSERTING into OUZZINEO.FICHIERPHOTO
SET DEFINE OFF;
Insert into OUZZINEO.FICHIERPHOTO (CHEMIN,EMAIL,RESOLUTION,DATE_AJOUT,DATE_NO_PHOTO,INFO_PRISE_VUE,EST_PARTAGE) values ('partage','5print@gmail.com','5*5',to_date('30/01/19','DD/MM/RR'),null,'ok','1');
Insert into OUZZINEO.FICHIERPHOTO (CHEMIN,EMAIL,RESOLUTION,DATE_AJOUT,DATE_NO_PHOTO,INFO_PRISE_VUE,EST_PARTAGE) values ('cc','1','2*2',to_date('30/01/19','DD/MM/RR'),null,'ouiuoui','0');
Insert into OUZZINEO.FICHIERPHOTO (CHEMIN,EMAIL,RESOLUTION,DATE_AJOUT,DATE_NO_PHOTO,INFO_PRISE_VUE,EST_PARTAGE) values ('/Ange/Bureau/UnHaricot.png','blancAnge@etoile.fr','1080*1920',null,null,'CourteFocals-FlouArrierePlan','1');
Insert into OUZZINEO.FICHIERPHOTO (CHEMIN,EMAIL,RESOLUTION,DATE_AJOUT,DATE_NO_PHOTO,INFO_PRISE_VUE,EST_PARTAGE) values ('/Bernard/Bureau/SauceBernaise.jpg','biancabernard@disney.paris','800*600',null,null,'GrosPlan','1');
Insert into OUZZINEO.FICHIERPHOTO (CHEMIN,EMAIL,RESOLUTION,DATE_AJOUT,DATE_NO_PHOTO,INFO_PRISE_VUE,EST_PARTAGE) values ('/Bernard/Bureau/Mickey1.jpg','biancabernard@disney.paris','1920*1080',null,null,'large','0');
Insert into OUZZINEO.FICHIERPHOTO (CHEMIN,EMAIL,RESOLUTION,DATE_AJOUT,DATE_NO_PHOTO,INFO_PRISE_VUE,EST_PARTAGE) values ('/Bernard/Bureau/Mickey2.jpg','biancabernard@disney.paris','2400*1350',null,null,'large','0');
Insert into OUZZINEO.FICHIERPHOTO (CHEMIN,EMAIL,RESOLUTION,DATE_AJOUT,DATE_NO_PHOTO,INFO_PRISE_VUE,EST_PARTAGE) values ('/Bernard/Secret/Nude.png','biancabernard@disney.paris','1000*600',to_date('29/01/19','DD/MM/RR'),null,'Bernard en slip','1');
Insert into OUZZINEO.FICHIERPHOTO (CHEMIN,EMAIL,RESOLUTION,DATE_AJOUT,DATE_NO_PHOTO,INFO_PRISE_VUE,EST_PARTAGE) values ('test','test','5000*5000',to_date('31/01/19','DD/MM/RR'),null,'test','1');
REM INSERTING into OUZZINEO.IMPRESSION
SET DEFINE OFF;
Insert into OUZZINEO.IMPRESSION (ID_IMPRESSION,EMAIL,FORMAT,QUALITE,TYPE_SUPPORT,NUMERO,DATE_IMPRESSION,MONTANT_TOTAL,ETAT_IMPRESSION,NB_IMPRESSION) values ('43','biancabernard@disney.paris','A3','SD','agenda',null,null,'0','0','2');
Insert into OUZZINEO.IMPRESSION (ID_IMPRESSION,EMAIL,FORMAT,QUALITE,TYPE_SUPPORT,NUMERO,DATE_IMPRESSION,MONTANT_TOTAL,ETAT_IMPRESSION,NB_IMPRESSION) values ('81','biancabernard@disney.paris','A3','SD','agenda','11',to_date('30/01/19','DD/MM/RR'),'0','0','2');
Insert into OUZZINEO.IMPRESSION (ID_IMPRESSION,EMAIL,FORMAT,QUALITE,TYPE_SUPPORT,NUMERO,DATE_IMPRESSION,MONTANT_TOTAL,ETAT_IMPRESSION,NB_IMPRESSION) values ('141','biancabernard@disney.paris','A3','SD','agenda',null,to_date('30/01/19','DD/MM/RR'),'0','0','2');
Insert into OUZZINEO.IMPRESSION (ID_IMPRESSION,EMAIL,FORMAT,QUALITE,TYPE_SUPPORT,NUMERO,DATE_IMPRESSION,MONTANT_TOTAL,ETAT_IMPRESSION,NB_IMPRESSION) values ('164','biancabernard@disney.paris','A3','SD','agenda',null,to_date('30/01/19','DD/MM/RR'),'0','0','2');
Insert into OUZZINEO.IMPRESSION (ID_IMPRESSION,EMAIL,FORMAT,QUALITE,TYPE_SUPPORT,NUMERO,DATE_IMPRESSION,MONTANT_TOTAL,ETAT_IMPRESSION,NB_IMPRESSION) values ('225','francFran¿¿oise@jooj.hu','A4','SD','tirage',null,to_date('31/01/19','DD/MM/RR'),'0','0','20');
Insert into OUZZINEO.IMPRESSION (ID_IMPRESSION,EMAIL,FORMAT,QUALITE,TYPE_SUPPORT,NUMERO,DATE_IMPRESSION,MONTANT_TOTAL,ETAT_IMPRESSION,NB_IMPRESSION) values ('226','francFranck@jooj.hu','A4','SD','tirage',null,to_date('31/01/19','DD/MM/RR'),'0','0','20');
Insert into OUZZINEO.IMPRESSION (ID_IMPRESSION,EMAIL,FORMAT,QUALITE,TYPE_SUPPORT,NUMERO,DATE_IMPRESSION,MONTANT_TOTAL,ETAT_IMPRESSION,NB_IMPRESSION) values ('227','francFran¿¿ois@jooj.hu','A4','SD','tirage',null,to_date('31/01/19','DD/MM/RR'),'0','0','20');
Insert into OUZZINEO.IMPRESSION (ID_IMPRESSION,EMAIL,FORMAT,QUALITE,TYPE_SUPPORT,NUMERO,DATE_IMPRESSION,MONTANT_TOTAL,ETAT_IMPRESSION,NB_IMPRESSION) values ('228','francFran¿¿oise@jooj.hu','A4','SD','tirage',null,to_date('31/01/19','DD/MM/RR'),'0','0','20');
Insert into OUZZINEO.IMPRESSION (ID_IMPRESSION,EMAIL,FORMAT,QUALITE,TYPE_SUPPORT,NUMERO,DATE_IMPRESSION,MONTANT_TOTAL,ETAT_IMPRESSION,NB_IMPRESSION) values ('229','francFranck@jooj.hu','A4','SD','tirage',null,to_date('31/01/19','DD/MM/RR'),'0','0','20');
Insert into OUZZINEO.IMPRESSION (ID_IMPRESSION,EMAIL,FORMAT,QUALITE,TYPE_SUPPORT,NUMERO,DATE_IMPRESSION,MONTANT_TOTAL,ETAT_IMPRESSION,NB_IMPRESSION) values ('230','francFran¿¿ois@jooj.hu','A4','SD','tirage',null,to_date('31/01/19','DD/MM/RR'),'0','0','20');
Insert into OUZZINEO.IMPRESSION (ID_IMPRESSION,EMAIL,FORMAT,QUALITE,TYPE_SUPPORT,NUMERO,DATE_IMPRESSION,MONTANT_TOTAL,ETAT_IMPRESSION,NB_IMPRESSION) values ('241','francFran¿¿oise@jooj.hu','A4','SD','tirage',null,to_date('31/01/19','DD/MM/RR'),'0','0','20');
Insert into OUZZINEO.IMPRESSION (ID_IMPRESSION,EMAIL,FORMAT,QUALITE,TYPE_SUPPORT,NUMERO,DATE_IMPRESSION,MONTANT_TOTAL,ETAT_IMPRESSION,NB_IMPRESSION) values ('242','francFranck@jooj.hu','A4','SD','tirage',null,to_date('31/01/19','DD/MM/RR'),'0','0','20');
Insert into OUZZINEO.IMPRESSION (ID_IMPRESSION,EMAIL,FORMAT,QUALITE,TYPE_SUPPORT,NUMERO,DATE_IMPRESSION,MONTANT_TOTAL,ETAT_IMPRESSION,NB_IMPRESSION) values ('243','francFran¿¿ois@jooj.hu','A4','SD','tirage',null,to_date('31/01/19','DD/MM/RR'),'0','0','20');
Insert into OUZZINEO.IMPRESSION (ID_IMPRESSION,EMAIL,FORMAT,QUALITE,TYPE_SUPPORT,NUMERO,DATE_IMPRESSION,MONTANT_TOTAL,ETAT_IMPRESSION,NB_IMPRESSION) values ('244','francFran¿¿oise@jooj.hu','A4','SD','tirage',null,to_date('31/01/19','DD/MM/RR'),'0','0','20');
Insert into OUZZINEO.IMPRESSION (ID_IMPRESSION,EMAIL,FORMAT,QUALITE,TYPE_SUPPORT,NUMERO,DATE_IMPRESSION,MONTANT_TOTAL,ETAT_IMPRESSION,NB_IMPRESSION) values ('245','francFranck@jooj.hu','A4','SD','tirage',null,to_date('31/01/19','DD/MM/RR'),'0','0','20');
Insert into OUZZINEO.IMPRESSION (ID_IMPRESSION,EMAIL,FORMAT,QUALITE,TYPE_SUPPORT,NUMERO,DATE_IMPRESSION,MONTANT_TOTAL,ETAT_IMPRESSION,NB_IMPRESSION) values ('246','francFran¿¿ois@jooj.hu','A4','SD','tirage',null,to_date('31/01/19','DD/MM/RR'),'0','0','20');
Insert into OUZZINEO.IMPRESSION (ID_IMPRESSION,EMAIL,FORMAT,QUALITE,TYPE_SUPPORT,NUMERO,DATE_IMPRESSION,MONTANT_TOTAL,ETAT_IMPRESSION,NB_IMPRESSION) values ('261','francFran¿¿oise@jooj.hu','A4','SD','tirage',null,to_date('31/01/19','DD/MM/RR'),'0','0','20');
Insert into OUZZINEO.IMPRESSION (ID_IMPRESSION,EMAIL,FORMAT,QUALITE,TYPE_SUPPORT,NUMERO,DATE_IMPRESSION,MONTANT_TOTAL,ETAT_IMPRESSION,NB_IMPRESSION) values ('341','francFran¿¿oise@jooj.hu','A4','SD','tirage','202',to_date('31/01/19','DD/MM/RR'),'0','0','20');
Insert into OUZZINEO.IMPRESSION (ID_IMPRESSION,EMAIL,FORMAT,QUALITE,TYPE_SUPPORT,NUMERO,DATE_IMPRESSION,MONTANT_TOTAL,ETAT_IMPRESSION,NB_IMPRESSION) values ('342','francFranck@jooj.hu','A4','SD','tirage','201',to_date('31/01/19','DD/MM/RR'),'0','0','20');
Insert into OUZZINEO.IMPRESSION (ID_IMPRESSION,EMAIL,FORMAT,QUALITE,TYPE_SUPPORT,NUMERO,DATE_IMPRESSION,MONTANT_TOTAL,ETAT_IMPRESSION,NB_IMPRESSION) values ('343','francFran¿¿ois@jooj.hu','A4','SD','tirage',null,to_date('31/01/19','DD/MM/RR'),'0','0','20');
Insert into OUZZINEO.IMPRESSION (ID_IMPRESSION,EMAIL,FORMAT,QUALITE,TYPE_SUPPORT,NUMERO,DATE_IMPRESSION,MONTANT_TOTAL,ETAT_IMPRESSION,NB_IMPRESSION) values ('354','francFranck@jooj.hu','A4','SD','tirage',null,to_date('31/01/19','DD/MM/RR'),'0','0','20');
Insert into OUZZINEO.IMPRESSION (ID_IMPRESSION,EMAIL,FORMAT,QUALITE,TYPE_SUPPORT,NUMERO,DATE_IMPRESSION,MONTANT_TOTAL,ETAT_IMPRESSION,NB_IMPRESSION) values ('355','francFran¿¿oise@jooj.hu','A4','SD','tirage',null,to_date('31/01/19','DD/MM/RR'),'0','0','20');
Insert into OUZZINEO.IMPRESSION (ID_IMPRESSION,EMAIL,FORMAT,QUALITE,TYPE_SUPPORT,NUMERO,DATE_IMPRESSION,MONTANT_TOTAL,ETAT_IMPRESSION,NB_IMPRESSION) values ('356','francFran¿¿ois@jooj.hu','A4','SD','tirage',null,to_date('31/01/19','DD/MM/RR'),'0','0','20');
Insert into OUZZINEO.IMPRESSION (ID_IMPRESSION,EMAIL,FORMAT,QUALITE,TYPE_SUPPORT,NUMERO,DATE_IMPRESSION,MONTANT_TOTAL,ETAT_IMPRESSION,NB_IMPRESSION) values ('381','test','A5','HD','album','301',to_date('31/01/19','DD/MM/RR'),'0','0','4');
Insert into OUZZINEO.IMPRESSION (ID_IMPRESSION,EMAIL,FORMAT,QUALITE,TYPE_SUPPORT,NUMERO,DATE_IMPRESSION,MONTANT_TOTAL,ETAT_IMPRESSION,NB_IMPRESSION) values ('33','jeanChristophe@mail.net','A4','HQ','tirage','9',to_date('29/01/19','DD/MM/RR'),'0','1','20');
Insert into OUZZINEO.IMPRESSION (ID_IMPRESSION,EMAIL,FORMAT,QUALITE,TYPE_SUPPORT,NUMERO,DATE_IMPRESSION,MONTANT_TOTAL,ETAT_IMPRESSION,NB_IMPRESSION) values ('34','francFran¿¿ois@jooj.hu','A4','HQ','tirage','10',to_date('29/01/19','DD/MM/RR'),'0','1','2');
Insert into OUZZINEO.IMPRESSION (ID_IMPRESSION,EMAIL,FORMAT,QUALITE,TYPE_SUPPORT,NUMERO,DATE_IMPRESSION,MONTANT_TOTAL,ETAT_IMPRESSION,NB_IMPRESSION) values ('35','francFran¿¿ois@jooj.hu','A3','SD','tirage','10',to_date('29/01/19','DD/MM/RR'),'0','1','3');
Insert into OUZZINEO.IMPRESSION (ID_IMPRESSION,EMAIL,FORMAT,QUALITE,TYPE_SUPPORT,NUMERO,DATE_IMPRESSION,MONTANT_TOTAL,ETAT_IMPRESSION,NB_IMPRESSION) values ('36','biancabernard@disney.paris','A3','HD','agenda','63',to_date('29/01/19','DD/MM/RR'),'0','1','3');
Insert into OUZZINEO.IMPRESSION (ID_IMPRESSION,EMAIL,FORMAT,QUALITE,TYPE_SUPPORT,NUMERO,DATE_IMPRESSION,MONTANT_TOTAL,ETAT_IMPRESSION,NB_IMPRESSION) values ('37','biancabernard@disney.paris','A4','HD','calendrier','11',to_date('29/01/19','DD/MM/RR'),'0','1','1');
Insert into OUZZINEO.IMPRESSION (ID_IMPRESSION,EMAIL,FORMAT,QUALITE,TYPE_SUPPORT,NUMERO,DATE_IMPRESSION,MONTANT_TOTAL,ETAT_IMPRESSION,NB_IMPRESSION) values ('38','biancabernard@disney.paris','A3','SD','agenda',null,to_date('29/01/19','DD/MM/RR'),'0','0','0');
Insert into OUZZINEO.IMPRESSION (ID_IMPRESSION,EMAIL,FORMAT,QUALITE,TYPE_SUPPORT,NUMERO,DATE_IMPRESSION,MONTANT_TOTAL,ETAT_IMPRESSION,NB_IMPRESSION) values ('39','biancabernard@disney.paris','A5','SD','album',null,to_date('29/01/19','DD/MM/RR'),'0','1','4');
Insert into OUZZINEO.IMPRESSION (ID_IMPRESSION,EMAIL,FORMAT,QUALITE,TYPE_SUPPORT,NUMERO,DATE_IMPRESSION,MONTANT_TOTAL,ETAT_IMPRESSION,NB_IMPRESSION) values ('201','biancabernard@disney.paris','A3','SD','agenda','321',to_date('30/01/19','DD/MM/RR'),'0','0','3');
Insert into OUZZINEO.IMPRESSION (ID_IMPRESSION,EMAIL,FORMAT,QUALITE,TYPE_SUPPORT,NUMERO,DATE_IMPRESSION,MONTANT_TOTAL,ETAT_IMPRESSION,NB_IMPRESSION) values ('80','biancabernard@disney.paris','A3','SD','agenda',null,to_date('30/01/19','DD/MM/RR'),'0','0','2');
Insert into OUZZINEO.IMPRESSION (ID_IMPRESSION,EMAIL,FORMAT,QUALITE,TYPE_SUPPORT,NUMERO,DATE_IMPRESSION,MONTANT_TOTAL,ETAT_IMPRESSION,NB_IMPRESSION) values ('84','biancabernard@disney.paris','A3','SD','agenda',null,to_date('30/01/19','DD/MM/RR'),'0','0','2');
Insert into OUZZINEO.IMPRESSION (ID_IMPRESSION,EMAIL,FORMAT,QUALITE,TYPE_SUPPORT,NUMERO,DATE_IMPRESSION,MONTANT_TOTAL,ETAT_IMPRESSION,NB_IMPRESSION) values ('181','biancabernard@disney.paris','A3','HD','cadre',null,to_date('30/01/19','DD/MM/RR'),'0','0','0');
Insert into OUZZINEO.IMPRESSION (ID_IMPRESSION,EMAIL,FORMAT,QUALITE,TYPE_SUPPORT,NUMERO,DATE_IMPRESSION,MONTANT_TOTAL,ETAT_IMPRESSION,NB_IMPRESSION) values ('182','biancabernard@disney.paris','A4','SD','calendrier',null,to_date('30/01/19','DD/MM/RR'),'0','0','0');
Insert into OUZZINEO.IMPRESSION (ID_IMPRESSION,EMAIL,FORMAT,QUALITE,TYPE_SUPPORT,NUMERO,DATE_IMPRESSION,MONTANT_TOTAL,ETAT_IMPRESSION,NB_IMPRESSION) values ('301','francFran¿¿oise@jooj.hu','A4','SD','tirage',null,to_date('31/01/19','DD/MM/RR'),'0','0','20');
Insert into OUZZINEO.IMPRESSION (ID_IMPRESSION,EMAIL,FORMAT,QUALITE,TYPE_SUPPORT,NUMERO,DATE_IMPRESSION,MONTANT_TOTAL,ETAT_IMPRESSION,NB_IMPRESSION) values ('302','francFranck@jooj.hu','A4','SD','tirage',null,to_date('31/01/19','DD/MM/RR'),'0','0','20');
Insert into OUZZINEO.IMPRESSION (ID_IMPRESSION,EMAIL,FORMAT,QUALITE,TYPE_SUPPORT,NUMERO,DATE_IMPRESSION,MONTANT_TOTAL,ETAT_IMPRESSION,NB_IMPRESSION) values ('303','francFran¿¿ois@jooj.hu','A4','SD','tirage',null,to_date('31/01/19','DD/MM/RR'),'0','0','20');
Insert into OUZZINEO.IMPRESSION (ID_IMPRESSION,EMAIL,FORMAT,QUALITE,TYPE_SUPPORT,NUMERO,DATE_IMPRESSION,MONTANT_TOTAL,ETAT_IMPRESSION,NB_IMPRESSION) values ('345','francFran¿¿oise@jooj.hu','A4','SD','tirage',null,to_date('31/01/19','DD/MM/RR'),'0','0','20');
Insert into OUZZINEO.IMPRESSION (ID_IMPRESSION,EMAIL,FORMAT,QUALITE,TYPE_SUPPORT,NUMERO,DATE_IMPRESSION,MONTANT_TOTAL,ETAT_IMPRESSION,NB_IMPRESSION) values ('346','francFranck@jooj.hu','A4','SD','tirage',null,to_date('31/01/19','DD/MM/RR'),'0','0','20');
Insert into OUZZINEO.IMPRESSION (ID_IMPRESSION,EMAIL,FORMAT,QUALITE,TYPE_SUPPORT,NUMERO,DATE_IMPRESSION,MONTANT_TOTAL,ETAT_IMPRESSION,NB_IMPRESSION) values ('347','francFran¿¿ois@jooj.hu','A4','SD','tirage',null,to_date('31/01/19','DD/MM/RR'),'0','0','20');
Insert into OUZZINEO.IMPRESSION (ID_IMPRESSION,EMAIL,FORMAT,QUALITE,TYPE_SUPPORT,NUMERO,DATE_IMPRESSION,MONTANT_TOTAL,ETAT_IMPRESSION,NB_IMPRESSION) values ('357','francFranck@jooj.hu','A4','SD','tirage','231',to_date('31/01/19','DD/MM/RR'),'0','0','20');
Insert into OUZZINEO.IMPRESSION (ID_IMPRESSION,EMAIL,FORMAT,QUALITE,TYPE_SUPPORT,NUMERO,DATE_IMPRESSION,MONTANT_TOTAL,ETAT_IMPRESSION,NB_IMPRESSION) values ('358','francFran¿¿oise@jooj.hu','A4','SD','tirage','230',to_date('31/01/19','DD/MM/RR'),'0','0','20');
Insert into OUZZINEO.IMPRESSION (ID_IMPRESSION,EMAIL,FORMAT,QUALITE,TYPE_SUPPORT,NUMERO,DATE_IMPRESSION,MONTANT_TOTAL,ETAT_IMPRESSION,NB_IMPRESSION) values ('359','francFran¿¿ois@jooj.hu','A4','SD','tirage','232',to_date('31/01/19','DD/MM/RR'),'0','0','20');
Insert into OUZZINEO.IMPRESSION (ID_IMPRESSION,EMAIL,FORMAT,QUALITE,TYPE_SUPPORT,NUMERO,DATE_IMPRESSION,MONTANT_TOTAL,ETAT_IMPRESSION,NB_IMPRESSION) values ('82','biancabernard@disney.paris','A3','SD','agenda',null,to_date('30/01/19','DD/MM/RR'),'0','0','2');
Insert into OUZZINEO.IMPRESSION (ID_IMPRESSION,EMAIL,FORMAT,QUALITE,TYPE_SUPPORT,NUMERO,DATE_IMPRESSION,MONTANT_TOTAL,ETAT_IMPRESSION,NB_IMPRESSION) values ('161','biancabernard@disney.paris','A3','SD','agenda',null,to_date('30/01/19','DD/MM/RR'),'0','0','2');
Insert into OUZZINEO.IMPRESSION (ID_IMPRESSION,EMAIL,FORMAT,QUALITE,TYPE_SUPPORT,NUMERO,DATE_IMPRESSION,MONTANT_TOTAL,ETAT_IMPRESSION,NB_IMPRESSION) values ('162','biancabernard@disney.paris','A3','SD','agenda',null,to_date('30/01/19','DD/MM/RR'),'0','0','2');
Insert into OUZZINEO.IMPRESSION (ID_IMPRESSION,EMAIL,FORMAT,QUALITE,TYPE_SUPPORT,NUMERO,DATE_IMPRESSION,MONTANT_TOTAL,ETAT_IMPRESSION,NB_IMPRESSION) values ('163','biancabernard@disney.paris','A3','SD','agenda',null,to_date('30/01/19','DD/MM/RR'),'0','0','2');
Insert into OUZZINEO.IMPRESSION (ID_IMPRESSION,EMAIL,FORMAT,QUALITE,TYPE_SUPPORT,NUMERO,DATE_IMPRESSION,MONTANT_TOTAL,ETAT_IMPRESSION,NB_IMPRESSION) values ('221','francFranck@jooj.hu','A4','SD','tirage',null,to_date('31/01/19','DD/MM/RR'),'0','0','20');
Insert into OUZZINEO.IMPRESSION (ID_IMPRESSION,EMAIL,FORMAT,QUALITE,TYPE_SUPPORT,NUMERO,DATE_IMPRESSION,MONTANT_TOTAL,ETAT_IMPRESSION,NB_IMPRESSION) values ('321','francFran¿¿oise@jooj.hu','A4','SD','tirage',null,to_date('31/01/19','DD/MM/RR'),'0','0','20');
Insert into OUZZINEO.IMPRESSION (ID_IMPRESSION,EMAIL,FORMAT,QUALITE,TYPE_SUPPORT,NUMERO,DATE_IMPRESSION,MONTANT_TOTAL,ETAT_IMPRESSION,NB_IMPRESSION) values ('322','francFran¿¿ois@jooj.hu','A4','SD','tirage',null,to_date('31/01/19','DD/MM/RR'),'0','0','20');
Insert into OUZZINEO.IMPRESSION (ID_IMPRESSION,EMAIL,FORMAT,QUALITE,TYPE_SUPPORT,NUMERO,DATE_IMPRESSION,MONTANT_TOTAL,ETAT_IMPRESSION,NB_IMPRESSION) values ('323','francFranck@jooj.hu','A4','SD','tirage',null,to_date('31/01/19','DD/MM/RR'),'0','0','20');
Insert into OUZZINEO.IMPRESSION (ID_IMPRESSION,EMAIL,FORMAT,QUALITE,TYPE_SUPPORT,NUMERO,DATE_IMPRESSION,MONTANT_TOTAL,ETAT_IMPRESSION,NB_IMPRESSION) values ('344','francFran¿¿oise@jooj.hu','A4','SD','tirage',null,to_date('31/01/19','DD/MM/RR'),'0','0','20');
Insert into OUZZINEO.IMPRESSION (ID_IMPRESSION,EMAIL,FORMAT,QUALITE,TYPE_SUPPORT,NUMERO,DATE_IMPRESSION,MONTANT_TOTAL,ETAT_IMPRESSION,NB_IMPRESSION) values ('348','francFran¿¿oise@jooj.hu','A4','SD','tirage',null,to_date('31/01/19','DD/MM/RR'),'0','0','20');
Insert into OUZZINEO.IMPRESSION (ID_IMPRESSION,EMAIL,FORMAT,QUALITE,TYPE_SUPPORT,NUMERO,DATE_IMPRESSION,MONTANT_TOTAL,ETAT_IMPRESSION,NB_IMPRESSION) values ('349','francFranck@jooj.hu','A4','SD','tirage',null,to_date('31/01/19','DD/MM/RR'),'0','0','20');
Insert into OUZZINEO.IMPRESSION (ID_IMPRESSION,EMAIL,FORMAT,QUALITE,TYPE_SUPPORT,NUMERO,DATE_IMPRESSION,MONTANT_TOTAL,ETAT_IMPRESSION,NB_IMPRESSION) values ('350','francFran¿¿ois@jooj.hu','A4','SD','tirage',null,to_date('31/01/19','DD/MM/RR'),'0','0','20');
Insert into OUZZINEO.IMPRESSION (ID_IMPRESSION,EMAIL,FORMAT,QUALITE,TYPE_SUPPORT,NUMERO,DATE_IMPRESSION,MONTANT_TOTAL,ETAT_IMPRESSION,NB_IMPRESSION) values ('351','francFran¿¿oise@jooj.hu','A4','SD','tirage','224',to_date('31/01/19','DD/MM/RR'),'0','0','20');
Insert into OUZZINEO.IMPRESSION (ID_IMPRESSION,EMAIL,FORMAT,QUALITE,TYPE_SUPPORT,NUMERO,DATE_IMPRESSION,MONTANT_TOTAL,ETAT_IMPRESSION,NB_IMPRESSION) values ('352','francFranck@jooj.hu','A4','SD','tirage','225',to_date('31/01/19','DD/MM/RR'),'0','0','20');
Insert into OUZZINEO.IMPRESSION (ID_IMPRESSION,EMAIL,FORMAT,QUALITE,TYPE_SUPPORT,NUMERO,DATE_IMPRESSION,MONTANT_TOTAL,ETAT_IMPRESSION,NB_IMPRESSION) values ('353','francFran¿¿ois@jooj.hu','A4','SD','tirage','226',to_date('31/01/19','DD/MM/RR'),'0','0','20');
Insert into OUZZINEO.IMPRESSION (ID_IMPRESSION,EMAIL,FORMAT,QUALITE,TYPE_SUPPORT,NUMERO,DATE_IMPRESSION,MONTANT_TOTAL,ETAT_IMPRESSION,NB_IMPRESSION) values ('360','francFran¿¿oise@jooj.hu','A4','SD','tirage','233',to_date('31/01/19','DD/MM/RR'),'0','0','20');
Insert into OUZZINEO.IMPRESSION (ID_IMPRESSION,EMAIL,FORMAT,QUALITE,TYPE_SUPPORT,NUMERO,DATE_IMPRESSION,MONTANT_TOTAL,ETAT_IMPRESSION,NB_IMPRESSION) values ('361','francFranck@jooj.hu','A4','SD','tirage','234',to_date('31/01/19','DD/MM/RR'),'0','0','20');
Insert into OUZZINEO.IMPRESSION (ID_IMPRESSION,EMAIL,FORMAT,QUALITE,TYPE_SUPPORT,NUMERO,DATE_IMPRESSION,MONTANT_TOTAL,ETAT_IMPRESSION,NB_IMPRESSION) values ('362','francFran¿¿ois@jooj.hu','A4','SD','tirage','235',to_date('31/01/19','DD/MM/RR'),'0','0','20');
Insert into OUZZINEO.IMPRESSION (ID_IMPRESSION,EMAIL,FORMAT,QUALITE,TYPE_SUPPORT,NUMERO,DATE_IMPRESSION,MONTANT_TOTAL,ETAT_IMPRESSION,NB_IMPRESSION) values ('78','biancabernard@disney.paris','A3','SD','agenda',null,to_date('30/01/19','DD/MM/RR'),'0','0','2');
Insert into OUZZINEO.IMPRESSION (ID_IMPRESSION,EMAIL,FORMAT,QUALITE,TYPE_SUPPORT,NUMERO,DATE_IMPRESSION,MONTANT_TOTAL,ETAT_IMPRESSION,NB_IMPRESSION) values ('79','biancabernard@disney.paris','A3','SD','agenda',null,to_date('30/01/19','DD/MM/RR'),'0','0','2');
Insert into OUZZINEO.IMPRESSION (ID_IMPRESSION,EMAIL,FORMAT,QUALITE,TYPE_SUPPORT,NUMERO,DATE_IMPRESSION,MONTANT_TOTAL,ETAT_IMPRESSION,NB_IMPRESSION) values ('101','biancabernard@disney.paris','A3','SD','agenda',null,to_date('30/01/19','DD/MM/RR'),'0','0','2');
Insert into OUZZINEO.IMPRESSION (ID_IMPRESSION,EMAIL,FORMAT,QUALITE,TYPE_SUPPORT,NUMERO,DATE_IMPRESSION,MONTANT_TOTAL,ETAT_IMPRESSION,NB_IMPRESSION) values ('224','francFranck@jooj.hu','A4','SD','tirage',null,to_date('31/01/19','DD/MM/RR'),'0','0','20');
Insert into OUZZINEO.IMPRESSION (ID_IMPRESSION,EMAIL,FORMAT,QUALITE,TYPE_SUPPORT,NUMERO,DATE_IMPRESSION,MONTANT_TOTAL,ETAT_IMPRESSION,NB_IMPRESSION) values ('262','francFran¿¿oise@jooj.hu','A4','SD','tirage',null,to_date('31/01/19','DD/MM/RR'),'0','0','20');
Insert into OUZZINEO.IMPRESSION (ID_IMPRESSION,EMAIL,FORMAT,QUALITE,TYPE_SUPPORT,NUMERO,DATE_IMPRESSION,MONTANT_TOTAL,ETAT_IMPRESSION,NB_IMPRESSION) values ('263','francFran¿¿ois@jooj.hu','A4','SD','tirage',null,to_date('31/01/19','DD/MM/RR'),'0','0','20');
Insert into OUZZINEO.IMPRESSION (ID_IMPRESSION,EMAIL,FORMAT,QUALITE,TYPE_SUPPORT,NUMERO,DATE_IMPRESSION,MONTANT_TOTAL,ETAT_IMPRESSION,NB_IMPRESSION) values ('264','francFranck@jooj.hu','A4','SD','tirage',null,to_date('31/01/19','DD/MM/RR'),'0','0','20');
Insert into OUZZINEO.IMPRESSION (ID_IMPRESSION,EMAIL,FORMAT,QUALITE,TYPE_SUPPORT,NUMERO,DATE_IMPRESSION,MONTANT_TOTAL,ETAT_IMPRESSION,NB_IMPRESSION) values ('265','francFran¿¿oise@jooj.hu','A4','SD','tirage',null,to_date('31/01/19','DD/MM/RR'),'0','0','20');
Insert into OUZZINEO.IMPRESSION (ID_IMPRESSION,EMAIL,FORMAT,QUALITE,TYPE_SUPPORT,NUMERO,DATE_IMPRESSION,MONTANT_TOTAL,ETAT_IMPRESSION,NB_IMPRESSION) values ('266','francFranck@jooj.hu','A4','SD','tirage',null,to_date('31/01/19','DD/MM/RR'),'0','0','20');
Insert into OUZZINEO.IMPRESSION (ID_IMPRESSION,EMAIL,FORMAT,QUALITE,TYPE_SUPPORT,NUMERO,DATE_IMPRESSION,MONTANT_TOTAL,ETAT_IMPRESSION,NB_IMPRESSION) values ('267','francFran¿¿ois@jooj.hu','A4','SD','tirage',null,to_date('31/01/19','DD/MM/RR'),'0','0','20');
Insert into OUZZINEO.IMPRESSION (ID_IMPRESSION,EMAIL,FORMAT,QUALITE,TYPE_SUPPORT,NUMERO,DATE_IMPRESSION,MONTANT_TOTAL,ETAT_IMPRESSION,NB_IMPRESSION) values ('268','francFranck@jooj.hu','A4','SD','tirage',null,to_date('31/01/19','DD/MM/RR'),'0','0','20');
Insert into OUZZINEO.IMPRESSION (ID_IMPRESSION,EMAIL,FORMAT,QUALITE,TYPE_SUPPORT,NUMERO,DATE_IMPRESSION,MONTANT_TOTAL,ETAT_IMPRESSION,NB_IMPRESSION) values ('269','francFran¿¿oise@jooj.hu','A4','SD','tirage',null,to_date('31/01/19','DD/MM/RR'),'0','0','20');
Insert into OUZZINEO.IMPRESSION (ID_IMPRESSION,EMAIL,FORMAT,QUALITE,TYPE_SUPPORT,NUMERO,DATE_IMPRESSION,MONTANT_TOTAL,ETAT_IMPRESSION,NB_IMPRESSION) values ('270','francFran¿¿ois@jooj.hu','A4','SD','tirage',null,to_date('31/01/19','DD/MM/RR'),'0','0','20');
Insert into OUZZINEO.IMPRESSION (ID_IMPRESSION,EMAIL,FORMAT,QUALITE,TYPE_SUPPORT,NUMERO,DATE_IMPRESSION,MONTANT_TOTAL,ETAT_IMPRESSION,NB_IMPRESSION) values ('271','francFranck@jooj.hu','A4','SD','tirage',null,to_date('31/01/19','DD/MM/RR'),'0','0','20');
Insert into OUZZINEO.IMPRESSION (ID_IMPRESSION,EMAIL,FORMAT,QUALITE,TYPE_SUPPORT,NUMERO,DATE_IMPRESSION,MONTANT_TOTAL,ETAT_IMPRESSION,NB_IMPRESSION) values ('272','francFran¿¿oise@jooj.hu','A4','SD','tirage',null,to_date('31/01/19','DD/MM/RR'),'0','0','20');
Insert into OUZZINEO.IMPRESSION (ID_IMPRESSION,EMAIL,FORMAT,QUALITE,TYPE_SUPPORT,NUMERO,DATE_IMPRESSION,MONTANT_TOTAL,ETAT_IMPRESSION,NB_IMPRESSION) values ('273','francFran¿¿ois@jooj.hu','A4','SD','tirage',null,to_date('31/01/19','DD/MM/RR'),'0','0','20');
Insert into OUZZINEO.IMPRESSION (ID_IMPRESSION,EMAIL,FORMAT,QUALITE,TYPE_SUPPORT,NUMERO,DATE_IMPRESSION,MONTANT_TOTAL,ETAT_IMPRESSION,NB_IMPRESSION) values ('274','francFran¿¿oise@jooj.hu','A4','SD','tirage',null,to_date('31/01/19','DD/MM/RR'),'0','0','20');
Insert into OUZZINEO.IMPRESSION (ID_IMPRESSION,EMAIL,FORMAT,QUALITE,TYPE_SUPPORT,NUMERO,DATE_IMPRESSION,MONTANT_TOTAL,ETAT_IMPRESSION,NB_IMPRESSION) values ('275','francFranck@jooj.hu','A4','SD','tirage',null,to_date('31/01/19','DD/MM/RR'),'0','0','20');
Insert into OUZZINEO.IMPRESSION (ID_IMPRESSION,EMAIL,FORMAT,QUALITE,TYPE_SUPPORT,NUMERO,DATE_IMPRESSION,MONTANT_TOTAL,ETAT_IMPRESSION,NB_IMPRESSION) values ('276','francFran¿¿ois@jooj.hu','A4','SD','tirage',null,to_date('31/01/19','DD/MM/RR'),'0','0','20');
Insert into OUZZINEO.IMPRESSION (ID_IMPRESSION,EMAIL,FORMAT,QUALITE,TYPE_SUPPORT,NUMERO,DATE_IMPRESSION,MONTANT_TOTAL,ETAT_IMPRESSION,NB_IMPRESSION) values ('281','francFranck@jooj.hu','A4','SD','tirage',null,to_date('31/01/19','DD/MM/RR'),'0','0','20');
Insert into OUZZINEO.IMPRESSION (ID_IMPRESSION,EMAIL,FORMAT,QUALITE,TYPE_SUPPORT,NUMERO,DATE_IMPRESSION,MONTANT_TOTAL,ETAT_IMPRESSION,NB_IMPRESSION) values ('282','francFran¿¿oise@jooj.hu','A4','SD','tirage',null,to_date('31/01/19','DD/MM/RR'),'0','0','20');
Insert into OUZZINEO.IMPRESSION (ID_IMPRESSION,EMAIL,FORMAT,QUALITE,TYPE_SUPPORT,NUMERO,DATE_IMPRESSION,MONTANT_TOTAL,ETAT_IMPRESSION,NB_IMPRESSION) values ('283','francFran¿¿ois@jooj.hu','A4','SD','tirage',null,to_date('31/01/19','DD/MM/RR'),'0','0','20');
Insert into OUZZINEO.IMPRESSION (ID_IMPRESSION,EMAIL,FORMAT,QUALITE,TYPE_SUPPORT,NUMERO,DATE_IMPRESSION,MONTANT_TOTAL,ETAT_IMPRESSION,NB_IMPRESSION) values ('76','biancabernard@disney.paris','A3','SD','agenda',null,to_date('30/01/19','DD/MM/RR'),'0','0','2');
Insert into OUZZINEO.IMPRESSION (ID_IMPRESSION,EMAIL,FORMAT,QUALITE,TYPE_SUPPORT,NUMERO,DATE_IMPRESSION,MONTANT_TOTAL,ETAT_IMPRESSION,NB_IMPRESSION) values ('77','biancabernard@disney.paris','A3','SD','agenda',null,to_date('30/01/19','DD/MM/RR'),'0','0','2');
Insert into OUZZINEO.IMPRESSION (ID_IMPRESSION,EMAIL,FORMAT,QUALITE,TYPE_SUPPORT,NUMERO,DATE_IMPRESSION,MONTANT_TOTAL,ETAT_IMPRESSION,NB_IMPRESSION) values ('83','biancabernard@disney.paris','A3','SD','agenda',null,to_date('30/01/19','DD/MM/RR'),'0','0','2');
Insert into OUZZINEO.IMPRESSION (ID_IMPRESSION,EMAIL,FORMAT,QUALITE,TYPE_SUPPORT,NUMERO,DATE_IMPRESSION,MONTANT_TOTAL,ETAT_IMPRESSION,NB_IMPRESSION) values ('165','biancabernard@disney.paris','A3','SD','agenda',null,to_date('30/01/19','DD/MM/RR'),'0','0','2');
Insert into OUZZINEO.IMPRESSION (ID_IMPRESSION,EMAIL,FORMAT,QUALITE,TYPE_SUPPORT,NUMERO,DATE_IMPRESSION,MONTANT_TOTAL,ETAT_IMPRESSION,NB_IMPRESSION) values ('166','biancabernard@disney.paris','A3','SD','agenda','163',to_date('30/01/19','DD/MM/RR'),'0','0','2');
Insert into OUZZINEO.IMPRESSION (ID_IMPRESSION,EMAIL,FORMAT,QUALITE,TYPE_SUPPORT,NUMERO,DATE_IMPRESSION,MONTANT_TOTAL,ETAT_IMPRESSION,NB_IMPRESSION) values ('284','francFranck@jooj.hu','A4','SD','tirage',null,to_date('31/01/19','DD/MM/RR'),'0','0','20');
Insert into OUZZINEO.IMPRESSION (ID_IMPRESSION,EMAIL,FORMAT,QUALITE,TYPE_SUPPORT,NUMERO,DATE_IMPRESSION,MONTANT_TOTAL,ETAT_IMPRESSION,NB_IMPRESSION) values ('285','francFran¿¿oise@jooj.hu','A4','SD','tirage',null,to_date('31/01/19','DD/MM/RR'),'0','0','20');
Insert into OUZZINEO.IMPRESSION (ID_IMPRESSION,EMAIL,FORMAT,QUALITE,TYPE_SUPPORT,NUMERO,DATE_IMPRESSION,MONTANT_TOTAL,ETAT_IMPRESSION,NB_IMPRESSION) values ('286','francFran¿¿ois@jooj.hu','A4','SD','tirage',null,to_date('31/01/19','DD/MM/RR'),'0','0','20');
Insert into OUZZINEO.IMPRESSION (ID_IMPRESSION,EMAIL,FORMAT,QUALITE,TYPE_SUPPORT,NUMERO,DATE_IMPRESSION,MONTANT_TOTAL,ETAT_IMPRESSION,NB_IMPRESSION) values ('304','test','A4','HQ','tirage','301',to_date('31/01/19','DD/MM/RR'),'0','0','1');
REM INSERTING into OUZZINEO.PARTAGE
SET DEFINE OFF;
Insert into OUZZINEO.PARTAGE (EMAIL,CHEMIN) values ('biancabernard@disney.paris','/Ange/Bureau/UnHaricot.png');
Insert into OUZZINEO.PARTAGE (EMAIL,CHEMIN) values ('blancAnge@etoile.fr','/Bernard/Bureau/SauceBernaise.jpg');
Insert into OUZZINEO.PARTAGE (EMAIL,CHEMIN) values ('leprunoBruno@agen.fr','/Ange/Bureau/UnHaricot.png');
REM INSERTING into OUZZINEO.PHOTO
SET DEFINE OFF;
Insert into OUZZINEO.PHOTO (ID_PHOTO,CHEMIN,ID_IMPRESSION,DESCRIPTION,RETOUCHE,POSITION_X,POSITION_Y,NUMERO_PAGE,NB_EXEMPLAIRE) values ('162','/Bernard/Secret/Nude.png','381','nude','nude','2                               ','3                               ','1','1');
Insert into OUZZINEO.PHOTO (ID_PHOTO,CHEMIN,ID_IMPRESSION,DESCRIPTION,RETOUCHE,POSITION_X,POSITION_Y,NUMERO_PAGE,NB_EXEMPLAIRE) values ('82','cc','38','cc','ok','5                               ','2                               ','0','1');
Insert into OUZZINEO.PHOTO (ID_PHOTO,CHEMIN,ID_IMPRESSION,DESCRIPTION,RETOUCHE,POSITION_X,POSITION_Y,NUMERO_PAGE,NB_EXEMPLAIRE) values ('83','cc','38','cc','ok','5                               ','2                               ','0','1');
Insert into OUZZINEO.PHOTO (ID_PHOTO,CHEMIN,ID_IMPRESSION,DESCRIPTION,RETOUCHE,POSITION_X,POSITION_Y,NUMERO_PAGE,NB_EXEMPLAIRE) values ('84','partage','38','cc','ok','5                               ','2                               ','0','1');
Insert into OUZZINEO.PHOTO (ID_PHOTO,CHEMIN,ID_IMPRESSION,DESCRIPTION,RETOUCHE,POSITION_X,POSITION_Y,NUMERO_PAGE,NB_EXEMPLAIRE) values ('85','partage','38','cc','ok','5                               ','2                               ','0','1');
Insert into OUZZINEO.PHOTO (ID_PHOTO,CHEMIN,ID_IMPRESSION,DESCRIPTION,RETOUCHE,POSITION_X,POSITION_Y,NUMERO_PAGE,NB_EXEMPLAIRE) values ('161','/Ange/Bureau/UnHaricot.png','182','121','1212','2                               ','3                               ','1','4');
Insert into OUZZINEO.PHOTO (ID_PHOTO,CHEMIN,ID_IMPRESSION,DESCRIPTION,RETOUCHE,POSITION_X,POSITION_Y,NUMERO_PAGE,NB_EXEMPLAIRE) values ('2','/Ange/Bureau/UnHaricot.png','34','Image de haricot','Ajout de coeurs','1                               ','12                              ','1','10');
Insert into OUZZINEO.PHOTO (ID_PHOTO,CHEMIN,ID_IMPRESSION,DESCRIPTION,RETOUCHE,POSITION_X,POSITION_Y,NUMERO_PAGE,NB_EXEMPLAIRE) values ('29','/Ange/Bureau/UnHaricot.png','33','Image de haricot','Ajout de coeurs','1                               ','12                              ','1','5');
Insert into OUZZINEO.PHOTO (ID_PHOTO,CHEMIN,ID_IMPRESSION,DESCRIPTION,RETOUCHE,POSITION_X,POSITION_Y,NUMERO_PAGE,NB_EXEMPLAIRE) values ('30','/Bernard/Bureau/SauceBernaise.jpg','34','Une belle sauce bernaise','Contraste-12','1                               ','12                              ','1','10');
Insert into OUZZINEO.PHOTO (ID_PHOTO,CHEMIN,ID_IMPRESSION,DESCRIPTION,RETOUCHE,POSITION_X,POSITION_Y,NUMERO_PAGE,NB_EXEMPLAIRE) values ('31','/Bernard/Bureau/SauceBernaise.jpg','34','Une belle sauce bernaise','Couleur+5','10                              ','10                              ','2','10');
Insert into OUZZINEO.PHOTO (ID_PHOTO,CHEMIN,ID_IMPRESSION,DESCRIPTION,RETOUCHE,POSITION_X,POSITION_Y,NUMERO_PAGE,NB_EXEMPLAIRE) values ('32','/Ange/Bureau/UnHaricot.png','35','Image de haricot','Rotation','32                              ','3                               ','2','11');
Insert into OUZZINEO.PHOTO (ID_PHOTO,CHEMIN,ID_IMPRESSION,DESCRIPTION,RETOUCHE,POSITION_X,POSITION_Y,NUMERO_PAGE,NB_EXEMPLAIRE) values ('33','/Bernard/Bureau/Mickey2.jpg','36','Petit Mickey',null,'0                               ','0                               ','1','0');
Insert into OUZZINEO.PHOTO (ID_PHOTO,CHEMIN,ID_IMPRESSION,DESCRIPTION,RETOUCHE,POSITION_X,POSITION_Y,NUMERO_PAGE,NB_EXEMPLAIRE) values ('34','/Bernard/Bureau/Mickey1.jpg','37','Gros Mickey','Flou','150                             ','0                               ','1','0');
Insert into OUZZINEO.PHOTO (ID_PHOTO,CHEMIN,ID_IMPRESSION,DESCRIPTION,RETOUCHE,POSITION_X,POSITION_Y,NUMERO_PAGE,NB_EXEMPLAIRE) values ('35','/Bernard/Bureau/Mickey1.jpg','38','Mickey','Flou','150                             ','0                               ','1','0');
Insert into OUZZINEO.PHOTO (ID_PHOTO,CHEMIN,ID_IMPRESSION,DESCRIPTION,RETOUCHE,POSITION_X,POSITION_Y,NUMERO_PAGE,NB_EXEMPLAIRE) values ('36','/Bernard/Bureau/Mickey2.jpg','39','Mickey','Flou','150                             ','0                               ','1','0');
Insert into OUZZINEO.PHOTO (ID_PHOTO,CHEMIN,ID_IMPRESSION,DESCRIPTION,RETOUCHE,POSITION_X,POSITION_Y,NUMERO_PAGE,NB_EXEMPLAIRE) values ('37','/Ange/Bureau/UnHaricot.png','34','Image de haricot','Ajout de coeurs','1                               ','12                              ','1','10');
Insert into OUZZINEO.PHOTO (ID_PHOTO,CHEMIN,ID_IMPRESSION,DESCRIPTION,RETOUCHE,POSITION_X,POSITION_Y,NUMERO_PAGE,NB_EXEMPLAIRE) values ('38','/Bernard/Bureau/SauceBernaise.jpg','35','Une belle sauce bernaise','Contraste-12','1                               ','12                              ','1','11');
Insert into OUZZINEO.PHOTO (ID_PHOTO,CHEMIN,ID_IMPRESSION,DESCRIPTION,RETOUCHE,POSITION_X,POSITION_Y,NUMERO_PAGE,NB_EXEMPLAIRE) values ('39','/Bernard/Bureau/SauceBernaise.jpg','35','Une belle sauce bernaise','Couleur+5','10                              ','10                              ','2','11');
Insert into OUZZINEO.PHOTO (ID_PHOTO,CHEMIN,ID_IMPRESSION,DESCRIPTION,RETOUCHE,POSITION_X,POSITION_Y,NUMERO_PAGE,NB_EXEMPLAIRE) values ('41','/Bernard/Bureau/Mickey2.jpg','37','Petit Mickey',null,'0                               ','0                               ','1','0');
Insert into OUZZINEO.PHOTO (ID_PHOTO,CHEMIN,ID_IMPRESSION,DESCRIPTION,RETOUCHE,POSITION_X,POSITION_Y,NUMERO_PAGE,NB_EXEMPLAIRE) values ('42','/Bernard/Bureau/Mickey1.jpg','38','Gros Mickey','Flou','150                             ','0                               ','1','0');
Insert into OUZZINEO.PHOTO (ID_PHOTO,CHEMIN,ID_IMPRESSION,DESCRIPTION,RETOUCHE,POSITION_X,POSITION_Y,NUMERO_PAGE,NB_EXEMPLAIRE) values ('43','/Bernard/Bureau/Mickey1.jpg','39','Mickey','Flou1','150                             ','0                               ','1','0');
Insert into OUZZINEO.PHOTO (ID_PHOTO,CHEMIN,ID_IMPRESSION,DESCRIPTION,RETOUCHE,POSITION_X,POSITION_Y,NUMERO_PAGE,NB_EXEMPLAIRE) values ('44','/Bernard/Bureau/Mickey1.jpg','39','Mickey','Flou2','150                             ','0                               ','2','0');
Insert into OUZZINEO.PHOTO (ID_PHOTO,CHEMIN,ID_IMPRESSION,DESCRIPTION,RETOUCHE,POSITION_X,POSITION_Y,NUMERO_PAGE,NB_EXEMPLAIRE) values ('45','/Bernard/Bureau/Mickey1.jpg','39','Mickey','NoirBlanc','150                             ','0                               ','3','0');
Insert into OUZZINEO.PHOTO (ID_PHOTO,CHEMIN,ID_IMPRESSION,DESCRIPTION,RETOUCHE,POSITION_X,POSITION_Y,NUMERO_PAGE,NB_EXEMPLAIRE) values ('46','/Bernard/Bureau/Mickey1.jpg','39','Mickey','Rotation1','150                             ','0                               ','4','0');
Insert into OUZZINEO.PHOTO (ID_PHOTO,CHEMIN,ID_IMPRESSION,DESCRIPTION,RETOUCHE,POSITION_X,POSITION_Y,NUMERO_PAGE,NB_EXEMPLAIRE) values ('47','/Bernard/Bureau/Mickey1.jpg','39','Mickey','Rotation2','150                             ','0                               ','5','0');
Insert into OUZZINEO.PHOTO (ID_PHOTO,CHEMIN,ID_IMPRESSION,DESCRIPTION,RETOUCHE,POSITION_X,POSITION_Y,NUMERO_PAGE,NB_EXEMPLAIRE) values ('48','/Bernard/Bureau/Mickey1.jpg','39','Mickey','Rotation3','150                             ','0                               ','6','0');
Insert into OUZZINEO.PHOTO (ID_PHOTO,CHEMIN,ID_IMPRESSION,DESCRIPTION,RETOUCHE,POSITION_X,POSITION_Y,NUMERO_PAGE,NB_EXEMPLAIRE) values ('49','/Bernard/Bureau/Mickey2.jpg','39','Mickey','Flou1','150                             ','0                               ','1','0');
Insert into OUZZINEO.PHOTO (ID_PHOTO,CHEMIN,ID_IMPRESSION,DESCRIPTION,RETOUCHE,POSITION_X,POSITION_Y,NUMERO_PAGE,NB_EXEMPLAIRE) values ('50','/Bernard/Bureau/Mickey2.jpg','39','Mickey','Flou2','150                             ','0                               ','2','0');
Insert into OUZZINEO.PHOTO (ID_PHOTO,CHEMIN,ID_IMPRESSION,DESCRIPTION,RETOUCHE,POSITION_X,POSITION_Y,NUMERO_PAGE,NB_EXEMPLAIRE) values ('51','/Bernard/Bureau/Mickey2.jpg','39','Mickey','NoirBlanc','150                             ','0                               ','3','0');
Insert into OUZZINEO.PHOTO (ID_PHOTO,CHEMIN,ID_IMPRESSION,DESCRIPTION,RETOUCHE,POSITION_X,POSITION_Y,NUMERO_PAGE,NB_EXEMPLAIRE) values ('52','/Bernard/Bureau/Mickey2.jpg','39','Mickey','Rotation1','150                             ','0                               ','4','0');
Insert into OUZZINEO.PHOTO (ID_PHOTO,CHEMIN,ID_IMPRESSION,DESCRIPTION,RETOUCHE,POSITION_X,POSITION_Y,NUMERO_PAGE,NB_EXEMPLAIRE) values ('53','/Bernard/Bureau/Mickey2.jpg','39','Mickey','Rotation2','150                             ','0                               ','5','0');
Insert into OUZZINEO.PHOTO (ID_PHOTO,CHEMIN,ID_IMPRESSION,DESCRIPTION,RETOUCHE,POSITION_X,POSITION_Y,NUMERO_PAGE,NB_EXEMPLAIRE) values ('54','/Bernard/Bureau/Mickey2.jpg','39','Mickey','Rotation3','150                             ','0                               ','6','0');
Insert into OUZZINEO.PHOTO (ID_PHOTO,CHEMIN,ID_IMPRESSION,DESCRIPTION,RETOUCHE,POSITION_X,POSITION_Y,NUMERO_PAGE,NB_EXEMPLAIRE) values ('86','/Bernard/Bureau/Mickey2.jpg','39','zbeubz','zbeub','2                               ','3                               ','2','0');
Insert into OUZZINEO.PHOTO (ID_PHOTO,CHEMIN,ID_IMPRESSION,DESCRIPTION,RETOUCHE,POSITION_X,POSITION_Y,NUMERO_PAGE,NB_EXEMPLAIRE) values ('101','/Bernard/Secret/Nude.png','181','rhtrth','rhtrh','2                               ','3                               ','1','4');
Insert into OUZZINEO.PHOTO (ID_PHOTO,CHEMIN,ID_IMPRESSION,DESCRIPTION,RETOUCHE,POSITION_X,POSITION_Y,NUMERO_PAGE,NB_EXEMPLAIRE) values ('102','/Bernard/Bureau/Mickey2.jpg','39','jjyjy','ytjtyj','1                               ','1                               ','1','1');
Insert into OUZZINEO.PHOTO (ID_PHOTO,CHEMIN,ID_IMPRESSION,DESCRIPTION,RETOUCHE,POSITION_X,POSITION_Y,NUMERO_PAGE,NB_EXEMPLAIRE) values ('121','cc','39','lol','lol','1                               ','1                               ','1','1');
Insert into OUZZINEO.PHOTO (ID_PHOTO,CHEMIN,ID_IMPRESSION,DESCRIPTION,RETOUCHE,POSITION_X,POSITION_Y,NUMERO_PAGE,NB_EXEMPLAIRE) values ('181','/Bernard/Secret/Nude.png','201','147','147','1                               ','2                               ','1','3');
Insert into OUZZINEO.PHOTO (ID_PHOTO,CHEMIN,ID_IMPRESSION,DESCRIPTION,RETOUCHE,POSITION_X,POSITION_Y,NUMERO_PAGE,NB_EXEMPLAIRE) values ('61','/Bernard/Bureau/SauceBernaise.jpg','38','DEscription','Retouche','0                               ','0                               ','0','1');
Insert into OUZZINEO.PHOTO (ID_PHOTO,CHEMIN,ID_IMPRESSION,DESCRIPTION,RETOUCHE,POSITION_X,POSITION_Y,NUMERO_PAGE,NB_EXEMPLAIRE) values ('62','/Bernard/Secret/Nude.png','38','Bernard entrain ','ZOOM * 1000','2                               ','3                               ','1','4');
Insert into OUZZINEO.PHOTO (ID_PHOTO,CHEMIN,ID_IMPRESSION,DESCRIPTION,RETOUCHE,POSITION_X,POSITION_Y,NUMERO_PAGE,NB_EXEMPLAIRE) values ('141','test','304','test','test','1                               ','0                               ','1','10');
Insert into OUZZINEO.PHOTO (ID_PHOTO,CHEMIN,ID_IMPRESSION,DESCRIPTION,RETOUCHE,POSITION_X,POSITION_Y,NUMERO_PAGE,NB_EXEMPLAIRE) values ('142','/Bernard/Bureau/SauceBernaise.jpg','166','cfgfg','fggfgf','2                               ','3                               ','2','2');
REM INSERTING into OUZZINEO.POINT_RELAIS
SET DEFINE OFF;
Insert into OUZZINEO.POINT_RELAIS (NOM,ID_ADRESSE) values ('Abricolisse','58');
Insert into OUZZINEO.POINT_RELAIS (NOM,ID_ADRESSE) values ('BureauDeLaValle','56');
Insert into OUZZINEO.POINT_RELAIS (NOM,ID_ADRESSE) values ('PointCarouffe','57');
REM INSERTING into OUZZINEO.STOCK
SET DEFINE OFF;
Insert into OUZZINEO.STOCK (TYPE_SUPPORT,QUALITE,FORMAT,QUANTITE,PRIX) values ('tirage','HQ','A4','20','2');
Insert into OUZZINEO.STOCK (TYPE_SUPPORT,QUALITE,FORMAT,QUANTITE,PRIX) values ('tirage','SD','A4','100','1,5');
Insert into OUZZINEO.STOCK (TYPE_SUPPORT,QUALITE,FORMAT,QUANTITE,PRIX) values ('tirage','SD','A3','100','0,5');
Insert into OUZZINEO.STOCK (TYPE_SUPPORT,QUALITE,FORMAT,QUANTITE,PRIX) values ('tirage','HQ','A3','100','1');
Insert into OUZZINEO.STOCK (TYPE_SUPPORT,QUALITE,FORMAT,QUANTITE,PRIX) values ('agenda','SD','A3','20','8');
Insert into OUZZINEO.STOCK (TYPE_SUPPORT,QUALITE,FORMAT,QUANTITE,PRIX) values ('agenda','HD','A3','10','15');
Insert into OUZZINEO.STOCK (TYPE_SUPPORT,QUALITE,FORMAT,QUANTITE,PRIX) values ('calendrier','SD','A4','5','20');
Insert into OUZZINEO.STOCK (TYPE_SUPPORT,QUALITE,FORMAT,QUANTITE,PRIX) values ('calendrier','HD','A4','3','30');
Insert into OUZZINEO.STOCK (TYPE_SUPPORT,QUALITE,FORMAT,QUANTITE,PRIX) values ('cadre','SD','A3','5','8');
Insert into OUZZINEO.STOCK (TYPE_SUPPORT,QUALITE,FORMAT,QUANTITE,PRIX) values ('cadre','HD','A3','3','13');
Insert into OUZZINEO.STOCK (TYPE_SUPPORT,QUALITE,FORMAT,QUANTITE,PRIX) values ('album','SD','A5','5','2');
Insert into OUZZINEO.STOCK (TYPE_SUPPORT,QUALITE,FORMAT,QUANTITE,PRIX) values ('album','HD','A5','3','4');
REM INSERTING into OUZZINEO.TIRAGE
SET DEFINE OFF;
Insert into OUZZINEO.TIRAGE (ID_IMPRESSION) values ('33');
Insert into OUZZINEO.TIRAGE (ID_IMPRESSION) values ('34');
Insert into OUZZINEO.TIRAGE (ID_IMPRESSION) values ('35');
Insert into OUZZINEO.TIRAGE (ID_IMPRESSION) values ('221');
Insert into OUZZINEO.TIRAGE (ID_IMPRESSION) values ('224');
Insert into OUZZINEO.TIRAGE (ID_IMPRESSION) values ('225');
Insert into OUZZINEO.TIRAGE (ID_IMPRESSION) values ('226');
Insert into OUZZINEO.TIRAGE (ID_IMPRESSION) values ('227');
Insert into OUZZINEO.TIRAGE (ID_IMPRESSION) values ('228');
Insert into OUZZINEO.TIRAGE (ID_IMPRESSION) values ('229');
Insert into OUZZINEO.TIRAGE (ID_IMPRESSION) values ('230');
Insert into OUZZINEO.TIRAGE (ID_IMPRESSION) values ('241');
Insert into OUZZINEO.TIRAGE (ID_IMPRESSION) values ('242');
Insert into OUZZINEO.TIRAGE (ID_IMPRESSION) values ('243');
Insert into OUZZINEO.TIRAGE (ID_IMPRESSION) values ('244');
Insert into OUZZINEO.TIRAGE (ID_IMPRESSION) values ('245');
Insert into OUZZINEO.TIRAGE (ID_IMPRESSION) values ('246');
Insert into OUZZINEO.TIRAGE (ID_IMPRESSION) values ('261');
Insert into OUZZINEO.TIRAGE (ID_IMPRESSION) values ('262');
Insert into OUZZINEO.TIRAGE (ID_IMPRESSION) values ('263');
Insert into OUZZINEO.TIRAGE (ID_IMPRESSION) values ('264');
Insert into OUZZINEO.TIRAGE (ID_IMPRESSION) values ('265');
Insert into OUZZINEO.TIRAGE (ID_IMPRESSION) values ('266');
Insert into OUZZINEO.TIRAGE (ID_IMPRESSION) values ('267');
Insert into OUZZINEO.TIRAGE (ID_IMPRESSION) values ('268');
Insert into OUZZINEO.TIRAGE (ID_IMPRESSION) values ('269');
Insert into OUZZINEO.TIRAGE (ID_IMPRESSION) values ('270');
Insert into OUZZINEO.TIRAGE (ID_IMPRESSION) values ('271');
Insert into OUZZINEO.TIRAGE (ID_IMPRESSION) values ('272');
Insert into OUZZINEO.TIRAGE (ID_IMPRESSION) values ('273');
Insert into OUZZINEO.TIRAGE (ID_IMPRESSION) values ('274');
Insert into OUZZINEO.TIRAGE (ID_IMPRESSION) values ('275');
Insert into OUZZINEO.TIRAGE (ID_IMPRESSION) values ('276');
Insert into OUZZINEO.TIRAGE (ID_IMPRESSION) values ('281');
Insert into OUZZINEO.TIRAGE (ID_IMPRESSION) values ('282');
Insert into OUZZINEO.TIRAGE (ID_IMPRESSION) values ('283');
Insert into OUZZINEO.TIRAGE (ID_IMPRESSION) values ('284');
Insert into OUZZINEO.TIRAGE (ID_IMPRESSION) values ('285');
Insert into OUZZINEO.TIRAGE (ID_IMPRESSION) values ('286');
Insert into OUZZINEO.TIRAGE (ID_IMPRESSION) values ('301');
Insert into OUZZINEO.TIRAGE (ID_IMPRESSION) values ('302');
Insert into OUZZINEO.TIRAGE (ID_IMPRESSION) values ('303');
Insert into OUZZINEO.TIRAGE (ID_IMPRESSION) values ('304');
Insert into OUZZINEO.TIRAGE (ID_IMPRESSION) values ('321');
Insert into OUZZINEO.TIRAGE (ID_IMPRESSION) values ('322');
Insert into OUZZINEO.TIRAGE (ID_IMPRESSION) values ('323');
Insert into OUZZINEO.TIRAGE (ID_IMPRESSION) values ('341');
Insert into OUZZINEO.TIRAGE (ID_IMPRESSION) values ('342');
Insert into OUZZINEO.TIRAGE (ID_IMPRESSION) values ('343');
Insert into OUZZINEO.TIRAGE (ID_IMPRESSION) values ('344');
Insert into OUZZINEO.TIRAGE (ID_IMPRESSION) values ('345');
Insert into OUZZINEO.TIRAGE (ID_IMPRESSION) values ('346');
Insert into OUZZINEO.TIRAGE (ID_IMPRESSION) values ('347');
Insert into OUZZINEO.TIRAGE (ID_IMPRESSION) values ('348');
Insert into OUZZINEO.TIRAGE (ID_IMPRESSION) values ('349');
Insert into OUZZINEO.TIRAGE (ID_IMPRESSION) values ('350');
Insert into OUZZINEO.TIRAGE (ID_IMPRESSION) values ('351');
Insert into OUZZINEO.TIRAGE (ID_IMPRESSION) values ('352');
Insert into OUZZINEO.TIRAGE (ID_IMPRESSION) values ('353');
Insert into OUZZINEO.TIRAGE (ID_IMPRESSION) values ('354');
Insert into OUZZINEO.TIRAGE (ID_IMPRESSION) values ('355');
Insert into OUZZINEO.TIRAGE (ID_IMPRESSION) values ('356');
Insert into OUZZINEO.TIRAGE (ID_IMPRESSION) values ('357');
Insert into OUZZINEO.TIRAGE (ID_IMPRESSION) values ('358');
Insert into OUZZINEO.TIRAGE (ID_IMPRESSION) values ('359');
Insert into OUZZINEO.TIRAGE (ID_IMPRESSION) values ('360');
Insert into OUZZINEO.TIRAGE (ID_IMPRESSION) values ('361');
Insert into OUZZINEO.TIRAGE (ID_IMPRESSION) values ('362');
--------------------------------------------------------
--  DDL for Index PK_ADRESSE
--------------------------------------------------------

  CREATE UNIQUE INDEX "OUZZINEO"."PK_ADRESSE" ON "OUZZINEO"."ADRESSE" ("ID_ADRESSE") 
  PCTFREE 10 INITRANS 2 MAXTRANS 255 COMPUTE STATISTICS 
  STORAGE(INITIAL 65536 NEXT 1048576 MINEXTENTS 1 MAXEXTENTS 2147483645
  PCTINCREASE 0 FREELISTS 1 FREELIST GROUPS 1 BUFFER_POOL DEFAULT FLASH_CACHE DEFAULT CELL_FLASH_CACHE DEFAULT)
  TABLESPACE "USERS" ;
--------------------------------------------------------
--  DDL for Index I_FK_ADRESSE_CLIENT
--------------------------------------------------------

  CREATE INDEX "OUZZINEO"."I_FK_ADRESSE_CLIENT" ON "OUZZINEO"."ADRESSE" ("EMAIL") 
  PCTFREE 10 INITRANS 2 MAXTRANS 255 COMPUTE STATISTICS 
  STORAGE(INITIAL 65536 NEXT 1048576 MINEXTENTS 1 MAXEXTENTS 2147483645
  PCTINCREASE 0 FREELISTS 1 FREELIST GROUPS 1 BUFFER_POOL DEFAULT FLASH_CACHE DEFAULT CELL_FLASH_CACHE DEFAULT)
  TABLESPACE "USERS" ;
--------------------------------------------------------
--  DDL for Index PK_AGENDA
--------------------------------------------------------

  CREATE UNIQUE INDEX "OUZZINEO"."PK_AGENDA" ON "OUZZINEO"."AGENDA" ("ID_IMPRESSION") 
  PCTFREE 10 INITRANS 2 MAXTRANS 255 COMPUTE STATISTICS 
  STORAGE(INITIAL 65536 NEXT 1048576 MINEXTENTS 1 MAXEXTENTS 2147483645
  PCTINCREASE 0 FREELISTS 1 FREELIST GROUPS 1 BUFFER_POOL DEFAULT FLASH_CACHE DEFAULT CELL_FLASH_CACHE DEFAULT)
  TABLESPACE "USERS" ;
--------------------------------------------------------
--  DDL for Index PK_ALBUM
--------------------------------------------------------

  CREATE UNIQUE INDEX "OUZZINEO"."PK_ALBUM" ON "OUZZINEO"."ALBUM" ("ID_IMPRESSION") 
  PCTFREE 10 INITRANS 2 MAXTRANS 255 COMPUTE STATISTICS 
  STORAGE(INITIAL 65536 NEXT 1048576 MINEXTENTS 1 MAXEXTENTS 2147483645
  PCTINCREASE 0 FREELISTS 1 FREELIST GROUPS 1 BUFFER_POOL DEFAULT FLASH_CACHE DEFAULT CELL_FLASH_CACHE DEFAULT)
  TABLESPACE "USERS" ;
--------------------------------------------------------
--  DDL for Index PK_BON_ACHAT
--------------------------------------------------------

  CREATE UNIQUE INDEX "OUZZINEO"."PK_BON_ACHAT" ON "OUZZINEO"."BON_ACHAT" ("CODE_BON") 
  PCTFREE 10 INITRANS 2 MAXTRANS 255 COMPUTE STATISTICS 
  STORAGE(INITIAL 65536 NEXT 1048576 MINEXTENTS 1 MAXEXTENTS 2147483645
  PCTINCREASE 0 FREELISTS 1 FREELIST GROUPS 1 BUFFER_POOL DEFAULT FLASH_CACHE DEFAULT CELL_FLASH_CACHE DEFAULT)
  TABLESPACE "USERS" ;
--------------------------------------------------------
--  DDL for Index I_FK_BON_ACHAT_COMMANDE
--------------------------------------------------------

  CREATE UNIQUE INDEX "OUZZINEO"."I_FK_BON_ACHAT_COMMANDE" ON "OUZZINEO"."BON_ACHAT" ("NUMERO") 
  PCTFREE 10 INITRANS 2 MAXTRANS 255 COMPUTE STATISTICS 
  STORAGE(INITIAL 65536 NEXT 1048576 MINEXTENTS 1 MAXEXTENTS 2147483645
  PCTINCREASE 0 FREELISTS 1 FREELIST GROUPS 1 BUFFER_POOL DEFAULT FLASH_CACHE DEFAULT CELL_FLASH_CACHE DEFAULT)
  TABLESPACE "USERS" ;
--------------------------------------------------------
--  DDL for Index I_FK_BON_ACHAT_COMMANDE1
--------------------------------------------------------

  CREATE UNIQUE INDEX "OUZZINEO"."I_FK_BON_ACHAT_COMMANDE1" ON "OUZZINEO"."BON_ACHAT" ("NUMERO_GENERE") 
  PCTFREE 10 INITRANS 2 MAXTRANS 255 COMPUTE STATISTICS 
  STORAGE(INITIAL 65536 NEXT 1048576 MINEXTENTS 1 MAXEXTENTS 2147483645
  PCTINCREASE 0 FREELISTS 1 FREELIST GROUPS 1 BUFFER_POOL DEFAULT FLASH_CACHE DEFAULT CELL_FLASH_CACHE DEFAULT)
  TABLESPACE "USERS" ;
--------------------------------------------------------
--  DDL for Index I_FK_BON_ACHAT_CLIENT
--------------------------------------------------------

  CREATE INDEX "OUZZINEO"."I_FK_BON_ACHAT_CLIENT" ON "OUZZINEO"."BON_ACHAT" ("EMAIL") 
  PCTFREE 10 INITRANS 2 MAXTRANS 255 COMPUTE STATISTICS 
  STORAGE(INITIAL 65536 NEXT 1048576 MINEXTENTS 1 MAXEXTENTS 2147483645
  PCTINCREASE 0 FREELISTS 1 FREELIST GROUPS 1 BUFFER_POOL DEFAULT FLASH_CACHE DEFAULT CELL_FLASH_CACHE DEFAULT)
  TABLESPACE "USERS" ;
--------------------------------------------------------
--  DDL for Index PK_CADRE
--------------------------------------------------------

  CREATE UNIQUE INDEX "OUZZINEO"."PK_CADRE" ON "OUZZINEO"."CADRE" ("ID_IMPRESSION") 
  PCTFREE 10 INITRANS 2 MAXTRANS 255 COMPUTE STATISTICS 
  STORAGE(INITIAL 65536 NEXT 1048576 MINEXTENTS 1 MAXEXTENTS 2147483645
  PCTINCREASE 0 FREELISTS 1 FREELIST GROUPS 1 BUFFER_POOL DEFAULT FLASH_CACHE DEFAULT CELL_FLASH_CACHE DEFAULT)
  TABLESPACE "USERS" ;
--------------------------------------------------------
--  DDL for Index PK_CALENDRIER
--------------------------------------------------------

  CREATE UNIQUE INDEX "OUZZINEO"."PK_CALENDRIER" ON "OUZZINEO"."CALENDRIER" ("ID_IMPRESSION") 
  PCTFREE 10 INITRANS 2 MAXTRANS 255 COMPUTE STATISTICS 
  STORAGE(INITIAL 65536 NEXT 1048576 MINEXTENTS 1 MAXEXTENTS 2147483645
  PCTINCREASE 0 FREELISTS 1 FREELIST GROUPS 1 BUFFER_POOL DEFAULT FLASH_CACHE DEFAULT CELL_FLASH_CACHE DEFAULT)
  TABLESPACE "USERS" ;
--------------------------------------------------------
--  DDL for Index PK_CLIENT
--------------------------------------------------------

  CREATE UNIQUE INDEX "OUZZINEO"."PK_CLIENT" ON "OUZZINEO"."CLIENT" ("EMAIL") 
  PCTFREE 10 INITRANS 2 MAXTRANS 255 COMPUTE STATISTICS 
  STORAGE(INITIAL 65536 NEXT 1048576 MINEXTENTS 1 MAXEXTENTS 2147483645
  PCTINCREASE 0 FREELISTS 1 FREELIST GROUPS 1 BUFFER_POOL DEFAULT FLASH_CACHE DEFAULT CELL_FLASH_CACHE DEFAULT)
  TABLESPACE "USERS" ;
--------------------------------------------------------
--  DDL for Index PK_COMMANDE
--------------------------------------------------------

  CREATE UNIQUE INDEX "OUZZINEO"."PK_COMMANDE" ON "OUZZINEO"."COMMANDE" ("NUMERO") 
  PCTFREE 10 INITRANS 2 MAXTRANS 255 COMPUTE STATISTICS 
  STORAGE(INITIAL 65536 NEXT 1048576 MINEXTENTS 1 MAXEXTENTS 2147483645
  PCTINCREASE 0 FREELISTS 1 FREELIST GROUPS 1 BUFFER_POOL DEFAULT FLASH_CACHE DEFAULT CELL_FLASH_CACHE DEFAULT)
  TABLESPACE "USERS" ;
--------------------------------------------------------
--  DDL for Index I_FK_COMMANDE_BON_ACHAT
--------------------------------------------------------

  CREATE UNIQUE INDEX "OUZZINEO"."I_FK_COMMANDE_BON_ACHAT" ON "OUZZINEO"."COMMANDE" ("CODE_BON") 
  PCTFREE 10 INITRANS 2 MAXTRANS 255 COMPUTE STATISTICS 
  STORAGE(INITIAL 65536 NEXT 1048576 MINEXTENTS 1 MAXEXTENTS 2147483645
  PCTINCREASE 0 FREELISTS 1 FREELIST GROUPS 1 BUFFER_POOL DEFAULT FLASH_CACHE DEFAULT CELL_FLASH_CACHE DEFAULT)
  TABLESPACE "USERS" ;
--------------------------------------------------------
--  DDL for Index I_FK_COMMANDE_ADRESSE
--------------------------------------------------------

  CREATE INDEX "OUZZINEO"."I_FK_COMMANDE_ADRESSE" ON "OUZZINEO"."COMMANDE" ("ID_ADRESSE") 
  PCTFREE 10 INITRANS 2 MAXTRANS 255 COMPUTE STATISTICS 
  STORAGE(INITIAL 65536 NEXT 1048576 MINEXTENTS 1 MAXEXTENTS 2147483645
  PCTINCREASE 0 FREELISTS 1 FREELIST GROUPS 1 BUFFER_POOL DEFAULT FLASH_CACHE DEFAULT CELL_FLASH_CACHE DEFAULT)
  TABLESPACE "USERS" ;
--------------------------------------------------------
--  DDL for Index I_FK_COMMANDE_BON_ACHAT1
--------------------------------------------------------

  CREATE UNIQUE INDEX "OUZZINEO"."I_FK_COMMANDE_BON_ACHAT1" ON "OUZZINEO"."COMMANDE" ("CODE_BON_GENERE") 
  PCTFREE 10 INITRANS 2 MAXTRANS 255 COMPUTE STATISTICS 
  STORAGE(INITIAL 65536 NEXT 1048576 MINEXTENTS 1 MAXEXTENTS 2147483645
  PCTINCREASE 0 FREELISTS 1 FREELIST GROUPS 1 BUFFER_POOL DEFAULT FLASH_CACHE DEFAULT CELL_FLASH_CACHE DEFAULT)
  TABLESPACE "USERS" ;
--------------------------------------------------------
--  DDL for Index I_FK_COMMANDE_CLIENT
--------------------------------------------------------

  CREATE INDEX "OUZZINEO"."I_FK_COMMANDE_CLIENT" ON "OUZZINEO"."COMMANDE" ("EMAIL") 
  PCTFREE 10 INITRANS 2 MAXTRANS 255 COMPUTE STATISTICS 
  STORAGE(INITIAL 65536 NEXT 1048576 MINEXTENTS 1 MAXEXTENTS 2147483645
  PCTINCREASE 0 FREELISTS 1 FREELIST GROUPS 1 BUFFER_POOL DEFAULT FLASH_CACHE DEFAULT CELL_FLASH_CACHE DEFAULT)
  TABLESPACE "USERS" ;
--------------------------------------------------------
--  DDL for Index PK_FICHIERPHOTO
--------------------------------------------------------

  CREATE UNIQUE INDEX "OUZZINEO"."PK_FICHIERPHOTO" ON "OUZZINEO"."FICHIERPHOTO" ("CHEMIN") 
  PCTFREE 10 INITRANS 2 MAXTRANS 255 COMPUTE STATISTICS 
  STORAGE(INITIAL 65536 NEXT 1048576 MINEXTENTS 1 MAXEXTENTS 2147483645
  PCTINCREASE 0 FREELISTS 1 FREELIST GROUPS 1 BUFFER_POOL DEFAULT FLASH_CACHE DEFAULT CELL_FLASH_CACHE DEFAULT)
  TABLESPACE "USERS" ;
--------------------------------------------------------
--  DDL for Index I_FK_FICHIERPHOTO_CLIENT
--------------------------------------------------------

  CREATE INDEX "OUZZINEO"."I_FK_FICHIERPHOTO_CLIENT" ON "OUZZINEO"."FICHIERPHOTO" ("EMAIL") 
  PCTFREE 10 INITRANS 2 MAXTRANS 255 COMPUTE STATISTICS 
  STORAGE(INITIAL 65536 NEXT 1048576 MINEXTENTS 1 MAXEXTENTS 2147483645
  PCTINCREASE 0 FREELISTS 1 FREELIST GROUPS 1 BUFFER_POOL DEFAULT FLASH_CACHE DEFAULT CELL_FLASH_CACHE DEFAULT)
  TABLESPACE "USERS" ;
--------------------------------------------------------
--  DDL for Index PK_IMPRESSION
--------------------------------------------------------

  CREATE UNIQUE INDEX "OUZZINEO"."PK_IMPRESSION" ON "OUZZINEO"."IMPRESSION" ("ID_IMPRESSION") 
  PCTFREE 10 INITRANS 2 MAXTRANS 255 COMPUTE STATISTICS 
  STORAGE(INITIAL 65536 NEXT 1048576 MINEXTENTS 1 MAXEXTENTS 2147483645
  PCTINCREASE 0 FREELISTS 1 FREELIST GROUPS 1 BUFFER_POOL DEFAULT FLASH_CACHE DEFAULT CELL_FLASH_CACHE DEFAULT)
  TABLESPACE "USERS" ;
--------------------------------------------------------
--  DDL for Index I_FK_IMPRESSION_CLIENT
--------------------------------------------------------

  CREATE INDEX "OUZZINEO"."I_FK_IMPRESSION_CLIENT" ON "OUZZINEO"."IMPRESSION" ("EMAIL") 
  PCTFREE 10 INITRANS 2 MAXTRANS 255 COMPUTE STATISTICS 
  STORAGE(INITIAL 65536 NEXT 1048576 MINEXTENTS 1 MAXEXTENTS 2147483645
  PCTINCREASE 0 FREELISTS 1 FREELIST GROUPS 1 BUFFER_POOL DEFAULT FLASH_CACHE DEFAULT CELL_FLASH_CACHE DEFAULT)
  TABLESPACE "USERS" ;
--------------------------------------------------------
--  DDL for Index I_FK_IMPRESSION_STOCK
--------------------------------------------------------

  CREATE INDEX "OUZZINEO"."I_FK_IMPRESSION_STOCK" ON "OUZZINEO"."IMPRESSION" ("FORMAT", "QUALITE", "TYPE_SUPPORT") 
  PCTFREE 10 INITRANS 2 MAXTRANS 255 COMPUTE STATISTICS 
  STORAGE(INITIAL 65536 NEXT 1048576 MINEXTENTS 1 MAXEXTENTS 2147483645
  PCTINCREASE 0 FREELISTS 1 FREELIST GROUPS 1 BUFFER_POOL DEFAULT FLASH_CACHE DEFAULT CELL_FLASH_CACHE DEFAULT)
  TABLESPACE "USERS" ;
--------------------------------------------------------
--  DDL for Index I_FK_IMPRESSION_COMMANDE
--------------------------------------------------------

  CREATE INDEX "OUZZINEO"."I_FK_IMPRESSION_COMMANDE" ON "OUZZINEO"."IMPRESSION" ("NUMERO") 
  PCTFREE 10 INITRANS 2 MAXTRANS 255 COMPUTE STATISTICS 
  STORAGE(INITIAL 65536 NEXT 1048576 MINEXTENTS 1 MAXEXTENTS 2147483645
  PCTINCREASE 0 FREELISTS 1 FREELIST GROUPS 1 BUFFER_POOL DEFAULT FLASH_CACHE DEFAULT CELL_FLASH_CACHE DEFAULT)
  TABLESPACE "USERS" ;
--------------------------------------------------------
--  DDL for Index PK_PARTAGE
--------------------------------------------------------

  CREATE UNIQUE INDEX "OUZZINEO"."PK_PARTAGE" ON "OUZZINEO"."PARTAGE" ("EMAIL", "CHEMIN") 
  PCTFREE 10 INITRANS 2 MAXTRANS 255 COMPUTE STATISTICS 
  STORAGE(INITIAL 65536 NEXT 1048576 MINEXTENTS 1 MAXEXTENTS 2147483645
  PCTINCREASE 0 FREELISTS 1 FREELIST GROUPS 1 BUFFER_POOL DEFAULT FLASH_CACHE DEFAULT CELL_FLASH_CACHE DEFAULT)
  TABLESPACE "USERS" ;
--------------------------------------------------------
--  DDL for Index I_FK_PARTAGE_CLIENT
--------------------------------------------------------

  CREATE INDEX "OUZZINEO"."I_FK_PARTAGE_CLIENT" ON "OUZZINEO"."PARTAGE" ("EMAIL") 
  PCTFREE 10 INITRANS 2 MAXTRANS 255 COMPUTE STATISTICS 
  STORAGE(INITIAL 65536 NEXT 1048576 MINEXTENTS 1 MAXEXTENTS 2147483645
  PCTINCREASE 0 FREELISTS 1 FREELIST GROUPS 1 BUFFER_POOL DEFAULT FLASH_CACHE DEFAULT CELL_FLASH_CACHE DEFAULT)
  TABLESPACE "USERS" ;
--------------------------------------------------------
--  DDL for Index I_FK_PARTAGE_FICHIERPHOTO
--------------------------------------------------------

  CREATE INDEX "OUZZINEO"."I_FK_PARTAGE_FICHIERPHOTO" ON "OUZZINEO"."PARTAGE" ("CHEMIN") 
  PCTFREE 10 INITRANS 2 MAXTRANS 255 COMPUTE STATISTICS 
  STORAGE(INITIAL 65536 NEXT 1048576 MINEXTENTS 1 MAXEXTENTS 2147483645
  PCTINCREASE 0 FREELISTS 1 FREELIST GROUPS 1 BUFFER_POOL DEFAULT FLASH_CACHE DEFAULT CELL_FLASH_CACHE DEFAULT)
  TABLESPACE "USERS" ;
--------------------------------------------------------
--  DDL for Index PK_PHOTO
--------------------------------------------------------

  CREATE UNIQUE INDEX "OUZZINEO"."PK_PHOTO" ON "OUZZINEO"."PHOTO" ("ID_PHOTO") 
  PCTFREE 10 INITRANS 2 MAXTRANS 255 COMPUTE STATISTICS 
  STORAGE(INITIAL 65536 NEXT 1048576 MINEXTENTS 1 MAXEXTENTS 2147483645
  PCTINCREASE 0 FREELISTS 1 FREELIST GROUPS 1 BUFFER_POOL DEFAULT FLASH_CACHE DEFAULT CELL_FLASH_CACHE DEFAULT)
  TABLESPACE "USERS" ;
--------------------------------------------------------
--  DDL for Index I_FK_PHOTO_FICHIERPHOTO
--------------------------------------------------------

  CREATE INDEX "OUZZINEO"."I_FK_PHOTO_FICHIERPHOTO" ON "OUZZINEO"."PHOTO" ("CHEMIN") 
  PCTFREE 10 INITRANS 2 MAXTRANS 255 COMPUTE STATISTICS 
  STORAGE(INITIAL 65536 NEXT 1048576 MINEXTENTS 1 MAXEXTENTS 2147483645
  PCTINCREASE 0 FREELISTS 1 FREELIST GROUPS 1 BUFFER_POOL DEFAULT FLASH_CACHE DEFAULT CELL_FLASH_CACHE DEFAULT)
  TABLESPACE "USERS" ;
--------------------------------------------------------
--  DDL for Index I_FK_PHOTO_IMPRESSION
--------------------------------------------------------

  CREATE INDEX "OUZZINEO"."I_FK_PHOTO_IMPRESSION" ON "OUZZINEO"."PHOTO" ("ID_IMPRESSION") 
  PCTFREE 10 INITRANS 2 MAXTRANS 255 COMPUTE STATISTICS 
  STORAGE(INITIAL 65536 NEXT 1048576 MINEXTENTS 1 MAXEXTENTS 2147483645
  PCTINCREASE 0 FREELISTS 1 FREELIST GROUPS 1 BUFFER_POOL DEFAULT FLASH_CACHE DEFAULT CELL_FLASH_CACHE DEFAULT)
  TABLESPACE "USERS" ;
--------------------------------------------------------
--  DDL for Index PK_POINT_RELAIS
--------------------------------------------------------

  CREATE UNIQUE INDEX "OUZZINEO"."PK_POINT_RELAIS" ON "OUZZINEO"."POINT_RELAIS" ("NOM") 
  PCTFREE 10 INITRANS 2 MAXTRANS 255 COMPUTE STATISTICS 
  STORAGE(INITIAL 65536 NEXT 1048576 MINEXTENTS 1 MAXEXTENTS 2147483645
  PCTINCREASE 0 FREELISTS 1 FREELIST GROUPS 1 BUFFER_POOL DEFAULT FLASH_CACHE DEFAULT CELL_FLASH_CACHE DEFAULT)
  TABLESPACE "USERS" ;
--------------------------------------------------------
--  DDL for Index I_FK_POINT_RELAIS_ADRESSE
--------------------------------------------------------

  CREATE UNIQUE INDEX "OUZZINEO"."I_FK_POINT_RELAIS_ADRESSE" ON "OUZZINEO"."POINT_RELAIS" ("ID_ADRESSE") 
  PCTFREE 10 INITRANS 2 MAXTRANS 255 COMPUTE STATISTICS 
  STORAGE(INITIAL 65536 NEXT 1048576 MINEXTENTS 1 MAXEXTENTS 2147483645
  PCTINCREASE 0 FREELISTS 1 FREELIST GROUPS 1 BUFFER_POOL DEFAULT FLASH_CACHE DEFAULT CELL_FLASH_CACHE DEFAULT)
  TABLESPACE "USERS" ;
--------------------------------------------------------
--  DDL for Index PK_STOCK
--------------------------------------------------------

  CREATE UNIQUE INDEX "OUZZINEO"."PK_STOCK" ON "OUZZINEO"."STOCK" ("TYPE_SUPPORT", "QUALITE", "FORMAT") 
  PCTFREE 10 INITRANS 2 MAXTRANS 255 COMPUTE STATISTICS 
  STORAGE(INITIAL 65536 NEXT 1048576 MINEXTENTS 1 MAXEXTENTS 2147483645
  PCTINCREASE 0 FREELISTS 1 FREELIST GROUPS 1 BUFFER_POOL DEFAULT FLASH_CACHE DEFAULT CELL_FLASH_CACHE DEFAULT)
  TABLESPACE "USERS" ;
--------------------------------------------------------
--  DDL for Index PK_TIRAGE
--------------------------------------------------------

  CREATE UNIQUE INDEX "OUZZINEO"."PK_TIRAGE" ON "OUZZINEO"."TIRAGE" ("ID_IMPRESSION") 
  PCTFREE 10 INITRANS 2 MAXTRANS 255 COMPUTE STATISTICS 
  STORAGE(INITIAL 65536 NEXT 1048576 MINEXTENTS 1 MAXEXTENTS 2147483645
  PCTINCREASE 0 FREELISTS 1 FREELIST GROUPS 1 BUFFER_POOL DEFAULT FLASH_CACHE DEFAULT CELL_FLASH_CACHE DEFAULT)
  TABLESPACE "USERS" ;
--------------------------------------------------------
--  DDL for Trigger ADRESSE_INSERT
--------------------------------------------------------

  CREATE OR REPLACE TRIGGER "OUZZINEO"."ADRESSE_INSERT" 
  BEFORE INSERT ON ADRESSE
  FOR EACH ROW
BEGIN
  SELECT adresse_sequence.nextval
  INTO :new.ID_ADRESSE
  FROM dual;
END;
/
ALTER TRIGGER "OUZZINEO"."ADRESSE_INSERT" ENABLE;
--------------------------------------------------------
--  DDL for Trigger CLIENT_PHOTO
--------------------------------------------------------

  CREATE OR REPLACE TRIGGER "OUZZINEO"."CLIENT_PHOTO" 
AFTER DELETE
ON CLIENT
FOR EACH ROW
BEGIN
update FICHIERPHOTO set EST_PARTAGE =0 where EMAIL=:old.EMAIL;
END;
/
ALTER TRIGGER "OUZZINEO"."CLIENT_PHOTO" ENABLE;
--------------------------------------------------------
--  DDL for Trigger TR_SUPP_PHOTO
--------------------------------------------------------

  CREATE OR REPLACE TRIGGER "OUZZINEO"."TR_SUPP_PHOTO" 
AFTER UPDATE
ON CLIENT
BEGIN
  SUPRIME_FICHIER();
END;
/
ALTER TRIGGER "OUZZINEO"."TR_SUPP_PHOTO" ENABLE;
--------------------------------------------------------
--  DDL for Trigger STOCK_TRIGGER
--------------------------------------------------------

  create or replace TRIGGER stock_trigger
AFTER UPDATE OR INSERT
ON Commande
FOR EACH ROW

DECLARE
	v_total_page NUMBER;
	v_id_impression NUMBER;
	v_type_support varchar2(30);
	v_qualite varchar2(30);
	v_format varchar2(30);
	v_quantite NUMBER;
	v_total_exp NUMBER;
	v_nb_impression NUMBER;
	v_montant_total_cmd NUMBER;
  	imp NUMBER;
	var NUMBER;
	usedpromo NUMBER := 0;
	nbr NUMBER;

    CURSOR C1 IS SELECT MAX(P.NUMERO_PAGE)  total_page, SUM(p.nb_exemplaire)  total_exemplaire, I.NB_IMPRESSION ,I.ID_IMPRESSION, I.TYPE_SUPPORT, I.QUALITE, S.QUANTITE, I.FORMAT FROM IMPRESSION I, PHOTO P, STOCK S
	WHERE NUMERO = :NEW.NUMERO and P.ID_IMPRESSION = I.ID_IMPRESSION and I.TYPE_SUPPORT = S.TYPE_SUPPORT and I.QUALITE = S.QUALITE and I.FORMAT = S.FORMAT
	group by  I.NB_IMPRESSION ,I.ID_IMPRESSION, I.TYPE_SUPPORT, I.QUALITE, S.QUANTITE, I.FORMAT;

    vdata C1%rowtype;

BEGIN
IF :new.STATUT = 'Payee' and :old.STATUT = 'En_cours' then
    OPEN C1;
		LOOP
			FETCH C1 INTO vdata;
			EXIT WHEN C1%NOTFOUND;
			IF vdata.TYPE_SUPPORT = 'tirage' then
			    var := vdata.total_exemplaire*vdata.NB_IMPRESSION;
                IF var > vdata.QUANTITE then
                    raise_application_error(-20001, 'Pas assez de stock pour le tirage, var = '||var||' stock ='|| vdata.QUANTITE);
			    END IF;
			ELSE
			    IF  vdata.TYPE_SUPPORT = 'album' then
					var := vdata.total_page*vdata.NB_IMPRESSION;
					IF var > vdata.QUANTITE then
						raise_application_error(-20001, 'Pas assez de stock pour l album, var = '||var||' stock ='|| vdata.QUANTITE);
					END IF;
                ELSE
					IF  vdata.TYPE_SUPPORT = 'cadre' then
						var := vdata.NB_IMPRESSION;
						IF var > vdata.QUANTITE then
							raise_application_error(-20001, 'Pas assez de stock pour cadre, var = '||var||' stock ='|| vdata.QUANTITE);
						END IF;
					ELSE
						IF  vdata.TYPE_SUPPORT = 'calendrier' then
							var := vdata.NB_IMPRESSION;
							IF var > vdata.QUANTITE then
								raise_application_error(-20001, 'Pas assez de stock pour calendrier, var = '||var||' stock ='|| vdata.QUANTITE);
							END IF;
						ELSE
							var := vdata.NB_IMPRESSION;
							IF var > vdata.QUANTITE then
								raise_application_error(-20001, 'Pas assez de stock pour agenda, var = '||var||' stock ='|| vdata.QUANTITE);
							END IF;
						END IF;
					END IF;
                END IF;
			END IF;

		END LOOP;
	CLOSE C1;
	OPEN C1;
		LOOP
			FETCH C1 INTO vdata;
			EXIT WHEN C1%NOTFOUND;
			IF vdata.TYPE_SUPPORT = 'tirage' then
				var := vdata.total_exemplaire*vdata.NB_IMPRESSION;
			ELSE
				IF  vdata.TYPE_SUPPORT = 'album' then
						var := vdata.total_page*vdata.NB_IMPRESSION;
				ELSE
					var := vdata.NB_IMPRESSION;
				END IF;
			END IF;
				v_type_support:=vdata.TYPE_SUPPORT;
				v_qualite := vdata.QUALITE;
				v_format :=vdata.FORMAT;
				imp := vdata.QUANTITE - var;
				dbms_output.put_line(var || ' supp: ' || vdata.TYPE_SUPPORT || ' qualite: ' || vdata.QUALITE|| ' F: ' || vdata.FORMAT || '  imp :'||imp );
			    UPDATE STOCK set QUANTITE = imp where TYPE_SUPPORT = v_type_support and  QUALITE = v_qualite and FORMAT = v_format;
            
		END LOOP;
	CLOSE C1;

	IF :new.CODE_BON <> '' then
          select count(*) into usedpromo from BON_ACHAT B where B.CODE_BON = :new.CODE_BON AND B.NUMERO <> :new.NUMERO;
          IF usedpromo > 0 then
             raise_application_error(-20001, 'Bon d achat deja utilise');
          END IF;
	END IF;
	
	IF :new.MONTANT_TOTAL_CMD > 100 then
			select count(*) into nbr from BON_ACHAT where NUMERO = :NEW.NUMERO;
			IF nbr = 0 then
				ajoutpromo(:new.EMAIl, 0.05 , :new.NUMERO);
			END IF;
	END IF;
	IF :new.CODE_BON <> '' then
         DELETE FROM BON_ACHAT BA where BA.CODE_BON = :new.CODE_BON;
	END IF;
END IF;
END ;
/
ALTER TRIGGER "OUZZINEO"."STOCK_TRIGGER" ENABLE;
--------------------------------------------------------
--  DDL for Trigger COMMANDE_INSERT
--------------------------------------------------------

  CREATE OR REPLACE TRIGGER "OUZZINEO"."COMMANDE_INSERT" 
  BEFORE INSERT ON COMMANDE
  FOR EACH ROW
BEGIN
  SELECT commande_sequence.nextval
  INTO :new.numero
  FROM dual;
END;
/
ALTER TRIGGER "OUZZINEO"."COMMANDE_INSERT" ENABLE;
--------------------------------------------------------
--  DDL for Trigger IMPRESSION_INSERT
--------------------------------------------------------

  CREATE OR REPLACE TRIGGER "OUZZINEO"."IMPRESSION_INSERT" 
  BEFORE INSERT ON IMPRESSION
  FOR EACH ROW
BEGIN
  SELECT impression_sequence.nextval
  INTO :new.id_impression
  FROM dual;
END;
/
ALTER TRIGGER "OUZZINEO"."IMPRESSION_INSERT" ENABLE;
--------------------------------------------------------
--  DDL for Trigger IMPRESSION_UPDATE
--------------------------------------------------------

  CREATE OR REPLACE TRIGGER "OUZZINEO"."IMPRESSION_UPDATE" 
  AFTER UPDATE ON IMPRESSION
  FOR EACH ROW
DECLARE
    nb_photo_plus_partage number;
BEGIN
    IF :new.NUMERO <> null AND :old.NUMERO = null then
		select count(*) into nb_photo_plus_partage from PHOTO P
		where P.ID_IMPRESSION = :new.ID_IMPRESSION
		AND P.CHEMIN IN (select CHEMIN from FICHIERPHOTO FP
							WHERE FP.EMAIL <> :new.EMAIL
							AND FP.EST_PARTAGE = 0);
    END IF;
    IF nb_photo_plus_partage > 0 then
		raise_application_error(-20001, 'Une photo utilise un fichier photo qui n est plus partag¿¿¿¿');
    END IF;
END;
/
ALTER TRIGGER "OUZZINEO"."IMPRESSION_UPDATE" ENABLE;
--------------------------------------------------------
--  DDL for Trigger PHOTO_INSERT
--------------------------------------------------------

  CREATE OR REPLACE TRIGGER "OUZZINEO"."PHOTO_INSERT" 
  BEFORE INSERT ON PHOTO
  FOR EACH ROW
BEGIN
  SELECT photo_sequence.nextval
  INTO :new.ID_PHOTO
  FROM dual;
END;
/
ALTER TRIGGER "OUZZINEO"."PHOTO_INSERT" ENABLE;
--------------------------------------------------------
--  DDL for Trigger PHOTO_CREATE
--------------------------------------------------------

  CREATE OR REPLACE TRIGGER "OUZZINEO"."PHOTO_CREATE" 
  BEFORE INSERT ON PHOTO
  FOR EACH ROW
DECLARE
    nb_photo_partage number;
    estPartage number;
    emailP VARCHAR2(40);
BEGIN
	SELECT EMAIL into emailP FROM IMPRESSION I WHERE I.ID_IMPRESSION = :new.ID_IMPRESSION;
    SELECT EST_PARTAGE into estPartage from FICHIERPHOTO F where F.CHEMIN=:new.CHEMIN ;

    IF estPartage = 1 then
		SELECT count(*) into nb_photo_partage FROM FICHIERPHOTO F WHERE F.EMAIL = emailP AND F.EST_PARTAGE = 1;
		IF nb_photo_partage = 0 then
			raise_application_error(-20001, 'Tu ne peux pas utiliser un fichier photo partag¿¿, si tu n en partage pas');
		END IF;
    END IF;
END;
/
ALTER TRIGGER "OUZZINEO"."PHOTO_CREATE" ENABLE;
--------------------------------------------------------
--  Constraints for Table ADRESSE
--------------------------------------------------------

  ALTER TABLE "OUZZINEO"."ADRESSE" ADD CONSTRAINT "PK_ADRESSE" PRIMARY KEY ("ID_ADRESSE")
  USING INDEX PCTFREE 10 INITRANS 2 MAXTRANS 255 COMPUTE STATISTICS 
  STORAGE(INITIAL 65536 NEXT 1048576 MINEXTENTS 1 MAXEXTENTS 2147483645
  PCTINCREASE 0 FREELISTS 1 FREELIST GROUPS 1 BUFFER_POOL DEFAULT FLASH_CACHE DEFAULT CELL_FLASH_CACHE DEFAULT)
  TABLESPACE "USERS"  ENABLE;
 
  ALTER TABLE "OUZZINEO"."ADRESSE" MODIFY ("ID_ADRESSE" NOT NULL ENABLE);
--------------------------------------------------------
--  Constraints for Table AGENDA
--------------------------------------------------------

  ALTER TABLE "OUZZINEO"."AGENDA" ADD CONSTRAINT "PK_AGENDA" PRIMARY KEY ("ID_IMPRESSION")
  USING INDEX PCTFREE 10 INITRANS 2 MAXTRANS 255 COMPUTE STATISTICS 
  STORAGE(INITIAL 65536 NEXT 1048576 MINEXTENTS 1 MAXEXTENTS 2147483645
  PCTINCREASE 0 FREELISTS 1 FREELIST GROUPS 1 BUFFER_POOL DEFAULT FLASH_CACHE DEFAULT CELL_FLASH_CACHE DEFAULT)
  TABLESPACE "USERS"  ENABLE;
 
  ALTER TABLE "OUZZINEO"."AGENDA" MODIFY ("ID_IMPRESSION" NOT NULL ENABLE);
--------------------------------------------------------
--  Constraints for Table ALBUM
--------------------------------------------------------

  ALTER TABLE "OUZZINEO"."ALBUM" ADD CONSTRAINT "PK_ALBUM" PRIMARY KEY ("ID_IMPRESSION")
  USING INDEX PCTFREE 10 INITRANS 2 MAXTRANS 255 COMPUTE STATISTICS 
  STORAGE(INITIAL 65536 NEXT 1048576 MINEXTENTS 1 MAXEXTENTS 2147483645
  PCTINCREASE 0 FREELISTS 1 FREELIST GROUPS 1 BUFFER_POOL DEFAULT FLASH_CACHE DEFAULT CELL_FLASH_CACHE DEFAULT)
  TABLESPACE "USERS"  ENABLE;
 
  ALTER TABLE "OUZZINEO"."ALBUM" MODIFY ("ID_IMPRESSION" NOT NULL ENABLE);
--------------------------------------------------------
--  Constraints for Table BON_ACHAT
--------------------------------------------------------

  ALTER TABLE "OUZZINEO"."BON_ACHAT" ADD CONSTRAINT "PK_BON_ACHAT" PRIMARY KEY ("CODE_BON")
  USING INDEX PCTFREE 10 INITRANS 2 MAXTRANS 255 COMPUTE STATISTICS 
  STORAGE(INITIAL 65536 NEXT 1048576 MINEXTENTS 1 MAXEXTENTS 2147483645
  PCTINCREASE 0 FREELISTS 1 FREELIST GROUPS 1 BUFFER_POOL DEFAULT FLASH_CACHE DEFAULT CELL_FLASH_CACHE DEFAULT)
  TABLESPACE "USERS"  ENABLE;
 
  ALTER TABLE "OUZZINEO"."BON_ACHAT" MODIFY ("CODE_BON" NOT NULL ENABLE);
 
  ALTER TABLE "OUZZINEO"."BON_ACHAT" MODIFY ("EMAIL" NOT NULL ENABLE);
--------------------------------------------------------
--  Constraints for Table CADRE
--------------------------------------------------------

  ALTER TABLE "OUZZINEO"."CADRE" ADD CONSTRAINT "PK_CADRE" PRIMARY KEY ("ID_IMPRESSION")
  USING INDEX PCTFREE 10 INITRANS 2 MAXTRANS 255 COMPUTE STATISTICS 
  STORAGE(INITIAL 65536 NEXT 1048576 MINEXTENTS 1 MAXEXTENTS 2147483645
  PCTINCREASE 0 FREELISTS 1 FREELIST GROUPS 1 BUFFER_POOL DEFAULT FLASH_CACHE DEFAULT CELL_FLASH_CACHE DEFAULT)
  TABLESPACE "USERS"  ENABLE;
 
  ALTER TABLE "OUZZINEO"."CADRE" MODIFY ("ID_IMPRESSION" NOT NULL ENABLE);
--------------------------------------------------------
--  Constraints for Table CALENDRIER
--------------------------------------------------------

  ALTER TABLE "OUZZINEO"."CALENDRIER" ADD CONSTRAINT "PK_CALENDRIER" PRIMARY KEY ("ID_IMPRESSION")
  USING INDEX PCTFREE 10 INITRANS 2 MAXTRANS 255 COMPUTE STATISTICS 
  STORAGE(INITIAL 65536 NEXT 1048576 MINEXTENTS 1 MAXEXTENTS 2147483645
  PCTINCREASE 0 FREELISTS 1 FREELIST GROUPS 1 BUFFER_POOL DEFAULT FLASH_CACHE DEFAULT CELL_FLASH_CACHE DEFAULT)
  TABLESPACE "USERS"  ENABLE;
 
  ALTER TABLE "OUZZINEO"."CALENDRIER" MODIFY ("ID_IMPRESSION" NOT NULL ENABLE);
--------------------------------------------------------
--  Constraints for Table CLIENT
--------------------------------------------------------

  ALTER TABLE "OUZZINEO"."CLIENT" ADD CONSTRAINT "PK_CLIENT" PRIMARY KEY ("EMAIL")
  USING INDEX PCTFREE 10 INITRANS 2 MAXTRANS 255 COMPUTE STATISTICS 
  STORAGE(INITIAL 65536 NEXT 1048576 MINEXTENTS 1 MAXEXTENTS 2147483645
  PCTINCREASE 0 FREELISTS 1 FREELIST GROUPS 1 BUFFER_POOL DEFAULT FLASH_CACHE DEFAULT CELL_FLASH_CACHE DEFAULT)
  TABLESPACE "USERS"  ENABLE;
 
  ALTER TABLE "OUZZINEO"."CLIENT" MODIFY ("EMAIL" NOT NULL ENABLE);
--------------------------------------------------------
--  Constraints for Table COMMANDE
--------------------------------------------------------

  ALTER TABLE "OUZZINEO"."COMMANDE" ADD CONSTRAINT "PK_COMMANDE" PRIMARY KEY ("NUMERO")
  USING INDEX PCTFREE 10 INITRANS 2 MAXTRANS 255 COMPUTE STATISTICS 
  STORAGE(INITIAL 65536 NEXT 1048576 MINEXTENTS 1 MAXEXTENTS 2147483645
  PCTINCREASE 0 FREELISTS 1 FREELIST GROUPS 1 BUFFER_POOL DEFAULT FLASH_CACHE DEFAULT CELL_FLASH_CACHE DEFAULT)
  TABLESPACE "USERS"  ENABLE;
 
  ALTER TABLE "OUZZINEO"."COMMANDE" MODIFY ("NUMERO" NOT NULL ENABLE);
 
  ALTER TABLE "OUZZINEO"."COMMANDE" MODIFY ("EMAIL" NOT NULL ENABLE);
--------------------------------------------------------
--  Constraints for Table FICHIERPHOTO
--------------------------------------------------------

  ALTER TABLE "OUZZINEO"."FICHIERPHOTO" ADD CONSTRAINT "PK_FICHIERPHOTO" PRIMARY KEY ("CHEMIN")
  USING INDEX PCTFREE 10 INITRANS 2 MAXTRANS 255 COMPUTE STATISTICS 
  STORAGE(INITIAL 65536 NEXT 1048576 MINEXTENTS 1 MAXEXTENTS 2147483645
  PCTINCREASE 0 FREELISTS 1 FREELIST GROUPS 1 BUFFER_POOL DEFAULT FLASH_CACHE DEFAULT CELL_FLASH_CACHE DEFAULT)
  TABLESPACE "USERS"  ENABLE;
 
  ALTER TABLE "OUZZINEO"."FICHIERPHOTO" MODIFY ("CHEMIN" NOT NULL ENABLE);
 
  ALTER TABLE "OUZZINEO"."FICHIERPHOTO" MODIFY ("EMAIL" NOT NULL ENABLE);
--------------------------------------------------------
--  Constraints for Table IMPRESSION
--------------------------------------------------------

  ALTER TABLE "OUZZINEO"."IMPRESSION" ADD CONSTRAINT "PK_IMPRESSION" PRIMARY KEY ("ID_IMPRESSION")
  USING INDEX PCTFREE 10 INITRANS 2 MAXTRANS 255 COMPUTE STATISTICS 
  STORAGE(INITIAL 65536 NEXT 1048576 MINEXTENTS 1 MAXEXTENTS 2147483645
  PCTINCREASE 0 FREELISTS 1 FREELIST GROUPS 1 BUFFER_POOL DEFAULT FLASH_CACHE DEFAULT CELL_FLASH_CACHE DEFAULT)
  TABLESPACE "USERS"  ENABLE;
 
  ALTER TABLE "OUZZINEO"."IMPRESSION" MODIFY ("ID_IMPRESSION" NOT NULL ENABLE);
 
  ALTER TABLE "OUZZINEO"."IMPRESSION" MODIFY ("EMAIL" NOT NULL ENABLE);
--------------------------------------------------------
--  Constraints for Table PARTAGE
--------------------------------------------------------

  ALTER TABLE "OUZZINEO"."PARTAGE" ADD CONSTRAINT "PK_PARTAGE" PRIMARY KEY ("EMAIL", "CHEMIN")
  USING INDEX PCTFREE 10 INITRANS 2 MAXTRANS 255 COMPUTE STATISTICS 
  STORAGE(INITIAL 65536 NEXT 1048576 MINEXTENTS 1 MAXEXTENTS 2147483645
  PCTINCREASE 0 FREELISTS 1 FREELIST GROUPS 1 BUFFER_POOL DEFAULT FLASH_CACHE DEFAULT CELL_FLASH_CACHE DEFAULT)
  TABLESPACE "USERS"  ENABLE;
 
  ALTER TABLE "OUZZINEO"."PARTAGE" MODIFY ("EMAIL" NOT NULL ENABLE);
 
  ALTER TABLE "OUZZINEO"."PARTAGE" MODIFY ("CHEMIN" NOT NULL ENABLE);
--------------------------------------------------------
--  Constraints for Table PHOTO
--------------------------------------------------------

  ALTER TABLE "OUZZINEO"."PHOTO" ADD CONSTRAINT "PK_PHOTO" PRIMARY KEY ("ID_PHOTO")
  USING INDEX PCTFREE 10 INITRANS 2 MAXTRANS 255 COMPUTE STATISTICS 
  STORAGE(INITIAL 65536 NEXT 1048576 MINEXTENTS 1 MAXEXTENTS 2147483645
  PCTINCREASE 0 FREELISTS 1 FREELIST GROUPS 1 BUFFER_POOL DEFAULT FLASH_CACHE DEFAULT CELL_FLASH_CACHE DEFAULT)
  TABLESPACE "USERS"  ENABLE;
 
  ALTER TABLE "OUZZINEO"."PHOTO" MODIFY ("ID_PHOTO" NOT NULL ENABLE);
 
  ALTER TABLE "OUZZINEO"."PHOTO" MODIFY ("CHEMIN" NOT NULL ENABLE);
 
  ALTER TABLE "OUZZINEO"."PHOTO" MODIFY ("ID_IMPRESSION" NOT NULL ENABLE);
--------------------------------------------------------
--  Constraints for Table POINT_RELAIS
--------------------------------------------------------

  ALTER TABLE "OUZZINEO"."POINT_RELAIS" ADD CONSTRAINT "PK_POINT_RELAIS" PRIMARY KEY ("NOM")
  USING INDEX PCTFREE 10 INITRANS 2 MAXTRANS 255 COMPUTE STATISTICS 
  STORAGE(INITIAL 65536 NEXT 1048576 MINEXTENTS 1 MAXEXTENTS 2147483645
  PCTINCREASE 0 FREELISTS 1 FREELIST GROUPS 1 BUFFER_POOL DEFAULT FLASH_CACHE DEFAULT CELL_FLASH_CACHE DEFAULT)
  TABLESPACE "USERS"  ENABLE;
 
  ALTER TABLE "OUZZINEO"."POINT_RELAIS" MODIFY ("NOM" NOT NULL ENABLE);
 
  ALTER TABLE "OUZZINEO"."POINT_RELAIS" MODIFY ("ID_ADRESSE" NOT NULL ENABLE);
--------------------------------------------------------
--  Constraints for Table STOCK
--------------------------------------------------------

  ALTER TABLE "OUZZINEO"."STOCK" ADD CONSTRAINT "PK_STOCK" PRIMARY KEY ("TYPE_SUPPORT", "QUALITE", "FORMAT")
  USING INDEX PCTFREE 10 INITRANS 2 MAXTRANS 255 COMPUTE STATISTICS 
  STORAGE(INITIAL 65536 NEXT 1048576 MINEXTENTS 1 MAXEXTENTS 2147483645
  PCTINCREASE 0 FREELISTS 1 FREELIST GROUPS 1 BUFFER_POOL DEFAULT FLASH_CACHE DEFAULT CELL_FLASH_CACHE DEFAULT)
  TABLESPACE "USERS"  ENABLE;
 
  ALTER TABLE "OUZZINEO"."STOCK" MODIFY ("TYPE_SUPPORT" NOT NULL ENABLE);
 
  ALTER TABLE "OUZZINEO"."STOCK" MODIFY ("QUALITE" NOT NULL ENABLE);
 
  ALTER TABLE "OUZZINEO"."STOCK" MODIFY ("FORMAT" NOT NULL ENABLE);
--------------------------------------------------------
--  Constraints for Table TIRAGE
--------------------------------------------------------

  ALTER TABLE "OUZZINEO"."TIRAGE" ADD CONSTRAINT "PK_TIRAGE" PRIMARY KEY ("ID_IMPRESSION")
  USING INDEX PCTFREE 10 INITRANS 2 MAXTRANS 255 COMPUTE STATISTICS 
  STORAGE(INITIAL 65536 NEXT 1048576 MINEXTENTS 1 MAXEXTENTS 2147483645
  PCTINCREASE 0 FREELISTS 1 FREELIST GROUPS 1 BUFFER_POOL DEFAULT FLASH_CACHE DEFAULT CELL_FLASH_CACHE DEFAULT)
  TABLESPACE "USERS"  ENABLE;
 
  ALTER TABLE "OUZZINEO"."TIRAGE" MODIFY ("ID_IMPRESSION" NOT NULL ENABLE);
--------------------------------------------------------
--  Ref Constraints for Table ADRESSE
--------------------------------------------------------

  ALTER TABLE "OUZZINEO"."ADRESSE" ADD CONSTRAINT "FK_ADRESSE_CLIENT" FOREIGN KEY ("EMAIL")
	  REFERENCES "OUZZINEO"."CLIENT" ("EMAIL") ENABLE;
--------------------------------------------------------
--  Ref Constraints for Table AGENDA
--------------------------------------------------------

  ALTER TABLE "OUZZINEO"."AGENDA" ADD CONSTRAINT "FK_AGENDA_IMPRESSION" FOREIGN KEY ("ID_IMPRESSION")
	  REFERENCES "OUZZINEO"."IMPRESSION" ("ID_IMPRESSION") ENABLE;
--------------------------------------------------------
--  Ref Constraints for Table ALBUM
--------------------------------------------------------

  ALTER TABLE "OUZZINEO"."ALBUM" ADD CONSTRAINT "FK_ALBUM_IMPRESSION" FOREIGN KEY ("ID_IMPRESSION")
	  REFERENCES "OUZZINEO"."IMPRESSION" ("ID_IMPRESSION") ENABLE;
--------------------------------------------------------
--  Ref Constraints for Table BON_ACHAT
--------------------------------------------------------

  ALTER TABLE "OUZZINEO"."BON_ACHAT" ADD CONSTRAINT "FK_BON_ACHAT_CLIENT" FOREIGN KEY ("EMAIL")
	  REFERENCES "OUZZINEO"."CLIENT" ("EMAIL") ENABLE;
 
  ALTER TABLE "OUZZINEO"."BON_ACHAT" ADD CONSTRAINT "FK_BON_ACHAT_COMMANDE" FOREIGN KEY ("NUMERO")
	  REFERENCES "OUZZINEO"."COMMANDE" ("NUMERO") ENABLE;
 
  ALTER TABLE "OUZZINEO"."BON_ACHAT" ADD CONSTRAINT "FK_BON_ACHAT_COMMANDE1" FOREIGN KEY ("NUMERO_GENERE")
	  REFERENCES "OUZZINEO"."COMMANDE" ("NUMERO") ENABLE;
--------------------------------------------------------
--  Ref Constraints for Table CADRE
--------------------------------------------------------

  ALTER TABLE "OUZZINEO"."CADRE" ADD CONSTRAINT "FK_CADRE_IMPRESSION" FOREIGN KEY ("ID_IMPRESSION")
	  REFERENCES "OUZZINEO"."IMPRESSION" ("ID_IMPRESSION") ENABLE;
--------------------------------------------------------
--  Ref Constraints for Table CALENDRIER
--------------------------------------------------------

  ALTER TABLE "OUZZINEO"."CALENDRIER" ADD CONSTRAINT "FK_CALENDRIER_IMPRESSION" FOREIGN KEY ("ID_IMPRESSION")
	  REFERENCES "OUZZINEO"."IMPRESSION" ("ID_IMPRESSION") ENABLE;
--------------------------------------------------------
--  Ref Constraints for Table COMMANDE
--------------------------------------------------------

  ALTER TABLE "OUZZINEO"."COMMANDE" ADD CONSTRAINT "FK_COMMANDE_ADRESSE" FOREIGN KEY ("ID_ADRESSE")
	  REFERENCES "OUZZINEO"."ADRESSE" ("ID_ADRESSE") ENABLE;
 
  ALTER TABLE "OUZZINEO"."COMMANDE" ADD CONSTRAINT "FK_COMMANDE_BON_ACHAT" FOREIGN KEY ("CODE_BON")
	  REFERENCES "OUZZINEO"."BON_ACHAT" ("CODE_BON") ENABLE;
 
  ALTER TABLE "OUZZINEO"."COMMANDE" ADD CONSTRAINT "FK_COMMANDE_BON_ACHAT1" FOREIGN KEY ("CODE_BON_GENERE")
	  REFERENCES "OUZZINEO"."BON_ACHAT" ("CODE_BON") ENABLE;
 
  ALTER TABLE "OUZZINEO"."COMMANDE" ADD CONSTRAINT "FK_COMMANDE_CLIENT" FOREIGN KEY ("EMAIL")
	  REFERENCES "OUZZINEO"."CLIENT" ("EMAIL") ENABLE;
--------------------------------------------------------
--  Ref Constraints for Table FICHIERPHOTO
--------------------------------------------------------

  ALTER TABLE "OUZZINEO"."FICHIERPHOTO" ADD CONSTRAINT "FK_FICHIERPHOTO_CLIENT" FOREIGN KEY ("EMAIL")
	  REFERENCES "OUZZINEO"."CLIENT" ("EMAIL") ENABLE;
--------------------------------------------------------
--  Ref Constraints for Table IMPRESSION
--------------------------------------------------------

  ALTER TABLE "OUZZINEO"."IMPRESSION" ADD CONSTRAINT "FK_IMPRESSION_CLIENT" FOREIGN KEY ("EMAIL")
	  REFERENCES "OUZZINEO"."CLIENT" ("EMAIL") ENABLE;
 
  ALTER TABLE "OUZZINEO"."IMPRESSION" ADD CONSTRAINT "FK_IMPRESSION_COMMANDE" FOREIGN KEY ("NUMERO")
	  REFERENCES "OUZZINEO"."COMMANDE" ("NUMERO") ENABLE;
 
  ALTER TABLE "OUZZINEO"."IMPRESSION" ADD CONSTRAINT "FK_IMPRESSION_STOCK" FOREIGN KEY ("TYPE_SUPPORT", "QUALITE", "FORMAT")
	  REFERENCES "OUZZINEO"."STOCK" ("TYPE_SUPPORT", "QUALITE", "FORMAT") ENABLE;
--------------------------------------------------------
--  Ref Constraints for Table PARTAGE
--------------------------------------------------------

  ALTER TABLE "OUZZINEO"."PARTAGE" ADD CONSTRAINT "FK_PARTAGE_CLIENT" FOREIGN KEY ("EMAIL")
	  REFERENCES "OUZZINEO"."CLIENT" ("EMAIL") ENABLE;
 
  ALTER TABLE "OUZZINEO"."PARTAGE" ADD CONSTRAINT "FK_PARTAGE_FICHIERPHOTO" FOREIGN KEY ("CHEMIN")
	  REFERENCES "OUZZINEO"."FICHIERPHOTO" ("CHEMIN") ENABLE;
--------------------------------------------------------
--  Ref Constraints for Table PHOTO
--------------------------------------------------------

  ALTER TABLE "OUZZINEO"."PHOTO" ADD CONSTRAINT "FK_PHOTO_FICHIERPHOTO" FOREIGN KEY ("CHEMIN")
	  REFERENCES "OUZZINEO"."FICHIERPHOTO" ("CHEMIN") ENABLE;
 
  ALTER TABLE "OUZZINEO"."PHOTO" ADD CONSTRAINT "FK_PHOTO_IMPRESSION" FOREIGN KEY ("ID_IMPRESSION")
	  REFERENCES "OUZZINEO"."IMPRESSION" ("ID_IMPRESSION") ENABLE;
--------------------------------------------------------
--  Ref Constraints for Table POINT_RELAIS
--------------------------------------------------------

  ALTER TABLE "OUZZINEO"."POINT_RELAIS" ADD CONSTRAINT "FK_POINT_RELAIS_ADRESSE" FOREIGN KEY ("ID_ADRESSE")
	  REFERENCES "OUZZINEO"."ADRESSE" ("ID_ADRESSE") ENABLE;
--------------------------------------------------------
--  Ref Constraints for Table TIRAGE
--------------------------------------------------------

  ALTER TABLE "OUZZINEO"."TIRAGE" ADD CONSTRAINT "FK_TIRAGE_IMPRESSION" FOREIGN KEY ("ID_IMPRESSION")
	  REFERENCES "OUZZINEO"."IMPRESSION" ("ID_IMPRESSION") ENABLE;
